රෙදි සෝදන යන්ත්රයක් සහ වියළන යන්ත්රයක් සඳහා ඩොලර් 600 ක් වැය වේ. රෙදි සෝදන යන්ත්රය වියළන යන්ත්රයේ මිල මෙන් 3 ගුණයක් වේ. වියළන යන්ත්රයේ පිරිවැය කුමක්ද?,Type01,,,u1+u2=n1,n2*u2=u1,,x+y=600,3*y=x
උද්‍යාන මේසයක් සහ බංකුවක් ඩොලර් 750 ක්  වේ. උද්‍යාන මේසයේ මිල බංකුවේ මිල මෙන් දෙගුණය කි. බංකුවේ පිරිවැය කුමක්ද?,Type01,,,u1+u2=n1,n2*u2=u1,,x+y=750,2*y =x
"විශාල සංඛ්‍යාවක් තවත් කුඩා සංඛ්‍යාවක් මෙන් දෙගුණයක් වන අතර, . ඒවායේ එකතුව 96 වේ. කුඩා සංඛ්‍යාව හා විශාල සංඛ්‍යාවන් සොයා ගන්න.",Type01,,,u1+u2=n1,n2*u2=u1,,x+y=96,2*x=y
සාප්පුවක දුඹුරු සපත්තු මෙන් දෙගුණයක් කළු සපත්තු  ඇත. මුළු සපත්තු සංඛ්‍යාව 66 කි. දුඹුරු සපත්තු හා කළු සපත්තු වෙන වෙනම කීයක් තිබේද?,Type01,,,u1+u2=n2,(n1*u1)=u2,,x+y=66,2*x =y
"ගොවියෙක් අශ්වයන් මෙන් 5 ගුණයක් ගවයින් ඇති දැඩි කරයි. ඔහුට ගවයින් හා අශ්වයන් 168 ක් සිටී නම් , ඔහුට සිටින ගවයින් හා අශ්වයින් කීයක් සිටීද?",Type01,,,u1+u2=n2,(n1*u1)=u2,,x+y=168,5*y=x
පියුමි සතුව තැපැල්පත් 30 ක් ඇත. ඇය සතුව කුඩා තැපැල්පත් මෙන් 4 ගුණයක් විශාල තැපැල්පත් තිබේ. ඇය සතුව කුඩා තැපැල්පත්  ගණන හා විශාල තැපැල්පත් ගණන සොයන්න,Type01,,,u1+u2=n2,(n1*u1)=u2,,x +y=30,4*x=y
ශ්‍රීමා මහත්මියගේ පන්තියේ ළමයින් 24 දෙනෙක් සිටිති. පිරිමි ළමයින්ට මෙන් දෙගුණයක් ගැහැණු ළමයින් ඇත. පිරිමි ළමයින් හා ගැහැණු ළමයින් කී දෙනෙක් සිටීද?,Type01,,,u1+u2=n2,(n1*u1)=u2,,x +y=24,2*x=y
පුස්තකාලයක  පොත්  2400 ක් ඇත. එහි අධ්‍යාපන පොත්  මෙන් දෙගුණයක් නවකතා පොත්  ඇත. පුස්තකාලයෙහි ඇති  අධ්‍යාපන පොත් ගණන හා නවකතා  පොත් ගණන වෙන වෙනම සොයන්න.,Type01,,,u1+u2=n2,(n1*u1)=u2,,x +y=2400,2*x=y
"නිමාලි සතුව නිල් පෑන්  මෙන් 3 ගුණයක් රතු පෑන් ඇත. ඇය සතුව ඇති මුලු පෑන් 20 ක් නම්, නිල්  පෑන්  සහ රතු පෑන් ගණන වෙන වෙනම සොයන්න ",Type01,,,u1+u2=n2,(n1*u1)=u2,,x +y=20,3*x=y
"පාත්තියක  රෝස මල් මෙන් දෙගුණයක් ඕකිඩ් මල්  ඇත. පාත්තියේ ඇති මුලු මල් ගණන 42 ක් නම්, රෝස මල්  සහ ඕකිඩ් මල්  ගණන වෙන වෙනම සොයන්න ",Type01,,,u1+u2=n2,(n1*u1)=u2,,x +y=42,2*x=y
ශෙහානි සතුව ගවුම්  හා බ්ලවුස් 18 ක් ඇත. ඇය සතුව ගවුම් මෙන් දෙගුණයක් බ්ලවුස්  ඇත. ශෙහානිට  ඇති  ගවුම් ගණන හා බ්ලවුස්  ගණන වෙන වෙනම සොයන්න.,Type01,,,u1+u2=n2,(n1*u1)=u2,,x +y=18,2*x=y
පන්තියක ළමයින් 35 ක් ඇත. එහි ගැහැණු ළමුන්  මෙන් 4 ගුණයක් පිරිමි ළමුන් සිටියි. පන්තියේ සිටින ගැහැණු ළමුන්   ගණන හා පිරිමි ළමුන් ගණන සොයන්න ,Type01,,,u1+u2=n2,(n1*u1)=u2,,x +y=35,4*x=y
 පෙට්ටියක රතු බෝල හා සුදු  බෝල  27 ක් ඇත. එහි  රතු බෝල  මෙන් 2 ගුණයක් සුදු බෝල ඇත. පෙට්ටියේ ඇති රතු බෝල  සහ සුදු බෝල ගණන සොයන්න ,Type01,,,u1+u2=n2,(n1*u1)=u2,,x +y=27,2*x=y
ධාන්‍ය ගබඩාවක ධාන්‍ය ගෝනි  21ක් ඇත. එහි  කඩල ගෝනි  මෙන් 2 ගුණයක් කවුපි ගෝනි  ඇත. ගබඩාවෙහි ඇති කඩල ගෝනි  සහ කවුපි ගෝනි  ගණන සොයන්න ,Type01,,,u1+u2=n2,(n1*u1)=u2,,x +y=21,2*x=y
"ටීනා කඩේට ගොස් විශාල බෑගයකට සහ  කුඩා බෑගයකට  බඩු රැගෙන ආ අතර ,  දෙකෙහිම බර එකතුව 12 kg වේ. කුඩා බෑගය මෙන් 3 ගුණයක් විශාල බෑගය  බරය. බෑග්  වල බර වෙන වෙනම සොයන්න.",Type01,,,u1+u2=n2,(n1*u1)=u2,,x +y=12,3*x=y
"පාසල් බෑගයක මිල  අත් බෑගයක මිල  මෙන් 2 ගුණයකි. පාසල් බෑගයක සහ අත් බෑගයක  මිල රුපියල් 3300 ක් වේ නම් , පාසල් බෑගයක  හා අත් බෑගයක මිල වෙන වෙනම සොයන්න",Type01,,,u1+u2=n2,(n1*u1)=u2,,x +y=3300,2*x=y
නිශාන් සතුව ඇති රුපියල් 5 සහ රුපියල් 10 මුද්දර ගණන 64 ක් ඇත. ඔහු සතුව රුපියල් 5 මුද්දර මෙන් 7 ගුණයක්  රුපියල් 10 මුද්දර ඇත. රු 5 මුද්දර ගණන හා රු 10 මුද්දර  ගණන වෙන වෙනම සොයන්න ,Type01,,,u1+u2=n2,(n1*u1)=u2,,x +y=64,7*x=y
රුවනි ට මිතුරන් හා මිතුරියන්  20 ක් සිටියි. මිතුරන් ගණන මෙන් 3 ගුණයක් මිතුරියන් ඇයට සිටියි. රුවනිට සිටින මිතුරන් හා මිතුරියන් ගණන වෙන වෙනම  සොයන්න,Type01,,,u1+u2=n2,(n1*u1)=u2,,x +y=20,3*x=y
කසුනි ගෙ උපන් දින සාදයේදි පාට දෙකකින් බැලුන් තිබූ අතර මුලු  බැලුන් ගණන 25 කි. එහි කොල පාට බැලුන් මෙන් 4 ගුණයක්  නිල් පාට බැලුන් තිබුණි. කොල පාට බැලුන් ගණන හා නිල් පාට බැලුන් ගණන වෙන වෙනම සොයන්න,Type01,,,u1+u2=n2,(n1*u1)=u2,,x +y=25,4*x=y
ශීතකරණයක දොඩම් ගෙඩි සහ ඇපල් ගෙඩි 24 ක් ඇත. එහි දොඩම් ගෙඩි ගණන මෙන් 3 ගුණයක් ඇපල් ගෙඩි ඇත. දොඩම් ගෙඩි ගණන සහ ඇපල් ගෙඩි ගණන වෙන වෙනම සොයන්න,Type01,,,u1+u2=n2,(n1*u1)=u2,,x +y=24,3*x=y
ගෙවත්තක වසා සිටි ගිරවුන් සහ මයිනන් ගණන 16 කි. එහි මයිනන් මෙන් 3 ගුණයක් ගිරවුන් සිටියහ. ගෙවත්තෙහි සිටි ගිරවුන් සහ මයිනන් ගණන වෙන වෙනම සොයන්න,Type01,,,u1+u2=n2,(n1*u1)=u2,,x +y=16,3*x=y
"ගොවියෙකු තක්කාලි සහ මිරිස් වගා කරන අතර ඔහු මෙවර තක්කාලි සහ මිරිස් බීජ 300 ක් පැල කරයි. පැල කරන ලද මිරිස් බීජ ගණන, තක්කාලි බීජ ගණන මෙන් 4 ගුණයකි. එක් එක් බීජ වල ගණන වෙන වෙනම සොයන්න",Type01,,,u1+u2=n2,(n1*u1)=u2,,x +y=300,4*x=y
මල් කඩයක දවස අවසානයේ මල් වර්ග දෙකකින් මල් 56 ක් ඉතිරිවී තිබුණි. ඉන් එක් මල් වර්ගයක මෙන් 6 ගුණයක් අනෙක් මල් වර්ගයෙන් ඉතිරි වී තිබුනි. එක් එක් මල් වර්ගයෙන් ඉතුරු වී තිබු මල් ගණන වෙන  වෙනම සොයන්න,Type01,,,u1+u2=n2,(n1*u1)=u2,,x +y=56,6*x=y
රමේෂ් බැංකු ගිණුමක් ආරම්භ කළ අතර එහි දෙවරක් මුදල් තැම්පත් කලේය. ඔහු  පළමු වර තැම්පත් කල මුදල මෙන් 3 ගුණයක් දෙවන වර තැම්පත් කලේය.  බැංකු ගිණුමේ තිබු මුලු මුදල 12000 නම් එක් එක් වර තැම්පත් කරන ලද මුදල සොයන්න,Type01,,,u1+u2=n2,(n1*u1)=u2,,x +y=12000,3*x=y
ගෘහ භාණ්ඩ අලෙවි සැලක මේසයක සහ පුටුවක මිල 65000 කි. මේසයේ මිල පුටුවක මිල මෙන් 4 ගුණයකි. මේසයක සහ පුටුවක මිල වෙන වෙනම සොයන්න,Type01,,,u1+u2=n2,(n1*u1)=u2,,x +y=65000,4*x=y
සුනඛඅලෙවි සැලක කුඩා සුනඛයෙකුගෙ මිල සහ ලොකු සුනඛයෙකුගෙ මිල රුපියල් 18000 කි. ලොකු සුනඛයෙකුගෙ මිල කුඩා සුනඛයෙකුගෙ මිල මෙන් 2 ගුණයකි. සුනඛයන්ගේ මිල වෙන වෙනම සොයන්න,Type01,,,u1+u2=n2,(n1*u1)=u2,,x +y=18000,2*x=y
සෙල්ලම් බඩු අලෙවි සැලක බෝනික්කන්  සහ සෙල්ලම් කාර් විකිණීමට ඇත. බෝනික්කෙක්  සහ සෙල්ලම් කාරයක  මිල රුපියල් 4800කි. සෙල්ලම් කාරයක  මිල බෝනික්කෙක්ගේ  මිල මෙන් 3 ගුණයකි. සෙල්ලම් කාරයක  සහ බෝනික්කෙක්ගේ  මිල වෙන වෙනම සොයන්න,Type01,,,u1+u2=n2,(n1*u1)=u2,,x +y=4800,3*x=y
ගෙවත්තක ඇති මුලු අඹ ගස් සහ  පොල් ගස් ගණන 15 කි. එහි අඹ ගස් මෙන් 4 ගුණයක් පොල් ගස් ඇත. ගෙවත්තෙහි ඇති අඹ ගස් සහ  පොල් ගස් ගණන වෙන වෙනම සොයන්න ,Type01,,,u1+u2=n2,(n1*u1)=u2,,x +y=15,4*x=y
නිමාලි  ගෙ උපන් දින සාදයට පැමිණ සිටි ගැහැණුන් හා පිරිමින් ගණන 25 කි. එහි පිරිමින් මෙන් 4 ගුණයක්  ගැහැණුන් පැමිණ සිටියාය. පැමිණ සිටි ගැහැණුන් හා පිරිමින් ගණන වෙන වෙනම සොයන්න,Type01,,,u1+u2=n2,(n1*u1)=u2,,x +y=25,4*x=y
චිත්‍ර ශිල්පියෙකු සිතුවම් දෙකක් විකිණීමෙන් රුපියල් 3000 ක් ලබා ගත්තේය. එක් සිතුවමක මිල අනෙක් සිතුවමේ මිල මෙන් 2 ගුණයකි. සිතුවම් වල මිල ගණන් සොයන්න,Type01,,,u1+u2=n2,(n1*u1)=u2,,x +y=3000,2*x=y
නාට්‍යයක් සඳහා විකුණුනු වැඩිහිටි ප්‍රවේශපත්‍ර  ගණන හා ළමා ප්‍රවේශ පත්‍ර ගණන ගණන 5000 කි. එහිදි ළමා ප්‍රවේශපත්‍ර මෙන් 4 ගුණයක්  වැඩිහිටි ප්‍රවේශපත්‍ර විකිණිනි. වැඩිහිටි ප්‍රවේශපත්‍ර  ගණන හා ළමා ප්‍රවේශ පත්‍ර ගණන වෙන වෙනම සොයන්න.,Type01,,,u1+u2=n2,(n1*u1)=u2,,x +y=5000,4*x=y
රස කැවිලි කඩයක  විකුණුනු  ටොෆි සහ චොකලට් ගණන 120  කි. එහිදි විකිණී ඇති ටොෆි ගණන මෙන් 5 ගුණයක්  චොකලට්  විකිණිනි. ටොෆි ගණන හා චොකලට්  ගණන වෙන වෙනම සොයන්න,Type01,,,u1+u2=n2,(n1*u1)=u2,,x +y=120,5*x=y
උත්සවයකට බීම සැපයීම සඳහා දොඩම් බීම සහ නෙල්ලි බීම ලීටර 20ක් ගෙනෙන ලදි. දොඩම් බීම ප්‍රමාණය මෙන් 3 ගුණයක් නෙල්ලි බීම සපයා තිබුණි. එක් එක් බීම වර්ගයෙන් තිබූ බීම ලීටර ගණන වෙන වෙනම සොයන්න,Type01,,,u1+u2=n2,(n1*u1)=u2,,x +y=20,3*x=y
ගුවන් යානයක් ඉන්ධන ගැලුම් ගණන 35 ක් සහිතව ගමන් ආරම්භ කරයි.පළමු ගමනාන්තය වන විට වැය වු ඉන්ධන ගැලුම් ගණන මෙන් 6 ගුණයක් ඉන් පසු දෙවන ගමනාන්තය තෙක් වැය වුනි. ගමන් සඳහා වැය වු ඉන්ධන ප්‍රමාණවල් සොයන්න,Type01,,,u1+u2=n2,(n1*u1)=u2,,x +y=35,6*x=y
මේරි රෝස මල්පොකුරක් සහ ඩේලියා මල්පොකුරක් රුපියල් 2700 කට මිලදී ගත්තාය. රෝස මල්පොකුරක මිල ඩේලියා මල්පොකුරක මිල මෙන් 2 ගුණයකි. රෝස මල්පොකුරක හා ඩේලියා මල්පොකුරක වල මිල වෙන වෙනම සොයන්න,Type01,,,u1+u2=n2,(n1*u1)=u2,,x +y=2700,2*x=y
පාසලක බේස්බෝල් කණ්ඩායමක් තරගාවලියක තරග 18 ක් සෙල්ලම් කල අතර. ඉන්  පැරදුනු තරග ගණන මෙන් 5 ගුණයක් ඔවුන් දිනූ තරග ගණන වේ. දිනූ තරග ගණන සහ පැරදුනු තරග ගණන වෙන වෙනම සොයන්න,Type01,,,u1+u2=n2,(n1*u1)=u2,,x +y=18,5*x=y
බඩු ප්‍රවහන රථයකට සහල් ගෝනි සහ සීනි ගෝනි 42 ක් ප්‍රවාහනය සඳහා පටවන ලදි. සීනි ගෝනි ගණන මෙන් 3 ගුණයක් සහල් ගෝනි පටවන ලදි. සහල් ගෝනි සහ සීනි ගෝනි ගණන වෙන වෙනම සොයන්න,Type01,,,u1+u2=n2,(n1*u1)=u2,,x +y=42,3*x=y
පියල් ඔහුගෙ දුවගේ වයස මෙන් 4 ගුණයක් වේ. පියල් සහ ඔහුගේ දියණිය ගේ වයස් වල එකතුව 40 කි. පියල්ගේ වයස සහ දියණියගේ වයස සොයන්න,Type01,,,u1+u2=n2,(n1*u1)=u2,,x +y=40,4*x=y
රුවන් අර්ධ කාලීන රැකියා දෙකක් කරන අතර ඔහුගේ ගේ මාසික ආදායම රුපියල් 45000 කි. එක් රැකියාවකින් ලැබෙන ආදායම මෙන් 3 ගුණයක් අනෙක් රැකියාවෙන් ඔහු උපයයි.එක් එක් රැකියාවෙන් ලැබෙන ආදායම වෙන වෙනම සොයන්න,Type01,,,u1+u2=n2,(n1*u1)=u2,,x +y=40,4*x=y
නුවන්ට අලුත් අවුරුද්දට තෑගි වශයෙන් රුපියල් 6000 ක මුදලක් ලැබී තිබුණි. ඔහුට මවගෙන් ලබුණු මුදල මෙන් 2 ගුණයක් පියාගෙන් ලැබුණි. මවගෙන් හා පියාගෙන් නුවන් ට ලැබුණු මුදල් සොයන්න,Type01,,,u1+u2=n2,(n1*u1)=u2,,x +y=6000,2*x=y
නයනිට ඇයගේ කැටය කැඩීමෙන් රුපියල් 5000 ක මුදලක් ලබා ගත්තාය. එහි කාසි වලින් තිබු මුදල මෙන් 4 ගුණයක් නෝට්ටු වලින් තිබුණි. කාසි වලින් හා නෝට්ටු වලින් ලැබුණු ගණන වෙන වෙනම සොයන්න,Type01,,,u1+u2=n2,(n1*u1)=u2,,x +y=5000,4*x=y
සාරා වෙළෙඳසැලට යන විට රුපියල් 6400 ක් රැගෙන ගිය අතර ඇය භාණ්ඩ ගැනීමට හා බිල්පත් සඳහා එය වැය කලාය.ඇය භාණ්ඩ වල මුදල මෙන් 3 ගුණයක් බිල්පත් සඳහා වැය වුණි.භාණ්ඩ හා බිල්පත් සඳහා වැය කල මුදල සොයන්න,Type01,,,u1+u2=n2,(n1*u1)=u2,,x +y6400,3*x=y
ජේන් සහ මේරි සතුව ඇති බෝනික්කන් ගණන 32 කි. ජේන් සතුව ඇති බෝනික්කන් ගණන මෙන් 3 ගුණයක් මේරි සතුව ඇත. ජේන් සහ මේරි සතුව ඇති බෝනික්කන් ගණන වෙන වෙනම සොයන්න,Type01,,,u1+u2=n2,(n1*u1)=u2,,x +y=32,3*x=y
පෙට්ටියක ලොකු ඉටිපන්දම් සහ පොඩි ඉටිපන්දම් 16 ක් ඇත. පොඩි ඉටිපන්දම් ගණන ලොකු ඉටිපන්දම් ගණන මෙන් 3 ගුණයකි. ලොකු ඉටිපන්දම් ගණන සහ පොඩි ඉටිපන්දම් ගණන වෙන වෙනම සොයන්න,Type01,,,u1+u2=n2,(n1*u1)=u2,,x +y=16,3*x=y
රුවන් සහ නුවන් සතුව ඇති මුලු සෙල්ලම් කාර් ගණන 24 කි. රුවන් සතුව ඇති ගණන මෙන් 3 ගුණයක් නුවන් සතුව ඇත. රුවන් සහ නුවන් සතුව ඇති සෙල්ලම් කාර් ගණන වෙන වෙනම සොයන්න,Type01,,,u1+u2=n2,(n1*u1)=u2,,x +y=24,3*x=y
විමල් කඩේට ගොස් රුපියල් 1500 කට සහල් සහ පරිප්පු රැගෙන ආවේය. පරිප්පු සඳහා වලට මෙන් 2 ගුණයක් සහල් සඳහා වැය වුනි. සහල් සහ පරිප්පු සඳහා වැය වූ මුදල වෙන වෙනම සොයන්න,Type01,,,u1+u2=n2,(n1*u1)=u2,,x +y=1500,3*x=y
සාරා ඇගේ උපන්දින සාදය සඳහා කෑම සහ බීම ඇණවුම් කල අතර ඒ සඳහා රුපියල් 9000 ක් වැය වුණි. ඇයට බීම වලට මෙන් 3 න් ගුණයක් කෑම සඳහා වැය වුනි. කෑම සහ බීම සඳහා වැය වූ මුදල වෙන වෙනම සොයන්න,Type01,,,u1+u2=n2,(n1*u1)=u2,,x +y=1500,3*x=y
කසුනි සතුව පාසලට ආධාර සඳහා විකිණීමට ලැබුණු ටිකට් පොතෙහි ඇති ටිකට්පත් ගණන 50 කි.මේ වන විට ඇය විකුණා ඇති ටිකට්පත් ගණන මෙන් 4 ගුණයක් විකිණීම සඳහා ඉතිරිව ඇත. විකුණා ඇති සහ ඉතිරි වී ඇති ටිකට්පත් ගණන කීයද,Type01,,,u1+u2=n2,(n1*u1)=u2,,x +y=50,4*x=y
සංඛ්‍යා දෙකක  එකතුව 64 ක් වන අතර  එක් සංඛ්‍යාවක් අනෙක් සංඛ්‍යාව මෙන් 3 ගුණයකි.. සංඛ්‍යා දෙක සොයන්න,Type01,,,u1+u2=n2,(n1*u1)=u2,,x +y=64,3*x=y
තරිඳුට නිවසේ සිට පාසලේ 15 Km ඇති  අතර ඔහු ඉන් යම් දුරක් බසයෙන් සහ ඉතිරිය පයින් යයි. ඔහු පයින් මෙන් 4 ගුණයක් බසයෙන් යයි. ඔහු පයින් සහ බසයෙන් යන දුර ප්‍රමාණවල් වෙන වෙනම සොයන්න,Type01,,,u1+u2=n2,(n1*u1)=u2,,x +y=15,4*x=y
"ජොන්සන් ෆාම් හි ඉරිඟු සහ තිරිඟු වගා කිරීම සඳහා ඉඩම් අක්කර 500 ක් වෙන් කර ඇත. ඉරිඟු සහ තිරිඟු වගා කිරීම සඳහා ඉරිඟු සඳහා ඩොලර් 42 ක් සහ තිරිඟු සඳහා ඩොලර් 30 ක් වැය වේ. මෙම භෝග වගා කිරීම සඳහා ජොන්සන් මහතා සතුව ඩොලර් 18,600 ක් ඇත. ඔහු මුළු ඉඩම සහ මුළු අයවැයම භාවිතා කළේ නම්, ඔහු ඉරිඟු අක්කර කීයක් සහ තිරිඟු අක්කර කීයක් සිටුවිය යුතුද?",Type02,,,(n1*u1)+(n2*u2)=n3,u1+u2=n4,,(42*x)+(30*y)=18600,x+y=500
පැන්සල්ක් සහ මකනයක්  සඳහා රුපියල් 15 ක් වැය වන අතර පැන්සල් 2 ක් සහ මකන 3 ක් සඳහා රුපියල් 35 ක් වැය වේ. මකනයක සහ පැන්සලක මිල ගණනය කරන්න.,Type02,,,(n1*u1)+(n2*u2)=n3,u1+u2=n4,,(2*x)+(3*y)=35,x+y=15
"යාල වන සංරක්ෂණයේ මුවන්  සහ කොටියන් ගෙ අනුපාතය 2 සිට 9 දක්වා වේ.  කොටියන් ට වඩා මුවන් 35 ක් අඩු නම්, මුවන් සහ හාවන් ගණන වෙන වෙන්ම සොයන්න",Type02,,,(n1*u1)+(n2*u2)=n3,u1+u2=n4,,9*x=2*y,y-35=x
"පැන්සලක් සහ මකනයක්  සඳහා රුපියල් 15 ක් වැය වන අතර , පැන්සල් 2 ක් සහ මකන 3 ක් සඳහා රුපියල් 35 ක් වැය වේ. මකනයක සහ පැන්සලක මිල ගණනය කරන්න",Type02,,,(n1*u1)+(n2*u2)=n3,u1+u2=n4,,(2*x)+(3*y)=35,x+y=15
උද්‍යාන මේසයක් සහ බංකුවක් සඳහා ඩොලර් 750 ක්  වේ. උද්‍යාන මේස 2 ක් සහ බංකු 3 ක් සඳහා ඩොලර් 1750 ක් වේ. බංකුවේ සහ උද්‍යාන මේසයක  පිරිවැය කුමක්ද?,Type02,,,(n1*u1)+(n2*u2)=n3,u1+u2=n4,,(2*x)+(3*y)=1750,x+y=750
කසුනි සතුව ටොෆි සහ චොකලට් වල එකතුව  50 ක් වේ.  ටොෆියක මිල රුපියල් 5 ක්  වන සහ චොකලට් එකක මිල රුපියල් 3 ක් නම් එ සඳහා ඇයට රුපියල් 120 ක් වැය වුණි.විකිණී ඇති  ටොෆි සහ චොකලට් ගණන වෙන වෙනම සොයන්න.,Type02,,,(n1*u1)+(n2*u2)=n3,u1+u2=n4,,(5*x)+(3*y)=120,x+y=50
තොප්පි සහ සපත්තු  වලින් සමන්විත මුළු අයිතම එකතුව 30 ක් ඔබ සතුව ඇත. සපත්තු  ඩොලර් 9 ක් සහ තොප්පි  ඩොලර් 5 ක්  වේ නම් එහි මුළු පිරිවැය ඩොලර් 190 කි. සපත්තු හා තොප්පි කීයක් බැගින් තිබේද?,Type02,,,(n1*u1)+(n2*u2)=n3,u1+u2=n4,,(9*x)+(5*y)=190,x+y=30
විමල්  කඩේට ගොස් සහල් සහ පරිප්පු එකතුව 8 kg  රැගෙන ආවේය. ඒ සඳහා ඔහුට රුපියල් 1500 ක් වැය වුණි. සහල් 1kgක් රුපියල් 150ක් වන අතර  පරිප්පු 1kgක් රුපියල් 100ක් වේ. පරිප්පු සහ සහල් ප්‍රමාණ්වල් වෙන වෙනම වෙන වෙනම සොයන්න,Type02,,,(n1*u1)+(n2*u2)=n3,u1+u2=n4,,(100*x)+(150*y)=1500,x+y=8
ගෘහ භාණ්ඩ අලෙවි සැලක මේසයක් සහ පුටුවක් සඳහා මිල රුපියල් 12500 කි. මේස 2 ක සහ පුටු 3 ක මිල රුපියල් 29000 ක් වේ නම්. මේසයක සහ පුටුවක මිල වෙන වෙනම සොයන්න,Type02,,,(n1*u1)+(n2*u2)=n3,u1+u2=n4,,(2*x)+(3*y)=29000,x+y=12500
ලොකු ඉටි පන්දමක් සහ පොඩි ඉටි පන්දමක් සඳහා 13ක් වැය වේ. එහි ඇති සෑම  පොඩි ඉටි පන්දම් 4 ක් සහ ලොකු ඉටි පන්දම් 3ක් රුපියල් 44 ක් වේ නම්. ලොකු ඉටි පන්දමක සහ පොඩි ඉටි පන්දමක මිල වෙන වෙනම සොයන්න,Type02,,,(n1*u1)+(n2*u2)=n3,u1+u2=n4,,(15*x)+(20*y)=270,x+y=16
පාසල් බෑගයක් සහ අත් බෑගයක් මිල සඳහා රුපියල් 990 ක් වැය වේ. පාසල් බෑග් 2 ක සහ අත් බෑග් 5 ක මිල රුපියල් 3300 ක් වේ නම් පාසල් බෑගයක හා අත් බෑගයක වෙන වෙනම සොයන්න,Type02,,,(n1*u1)+(n2*u2)=n3,u1+u2=n4,,(2*x)+(5*y)=3300,x+y=990
කඩයක රෝස මලක් සහ ඩේලියා මලක් සඳහා රුපියල් 65 ක් වැය වේ. රෝස මල් 2 ක් සහ ඩේලියා මල් 3 ක් රුපියල් 150 ක් වේ නම්. රෝස මලක  හා ඩේලියා මලක මිල වෙන වෙනම සොයන්,Type02,,,(n1*u1)+(n2*u2)=n3,u1+u2=n4,,(45*x)+(20*y)=2200,x+y=60
කුඩා තැපැල්පතක්  සහ විශාල තැපැල්පතක් සඳහා රුපියල් 15 ක් වැය වේ. කුඩා තැපැල්පත් 7 ක් සහ විශාල තැපැල්පත් 12 ක් රුපියල් 155 ක් වේ . ඇය සතුව කුඩා තැපැල්පතක සහ ගණන හා විශාල තැපැල්පතක මිල වෙන වෙනම සොයන්න,Type02,,,(n1*u1)+(n2*u2)=n3,u1+u2=n4,,(5*x)+(10*y)=450,x+y=30
නිල් පෑනක්  සහ රතු පෑනක් මිලදී ගැනීම සඳහා රුපියල් 22 ක් වැය වේ. රතු පෑන් 5 ක් සහ නිල් පෑන් 4 ක් රුපියල් 98 ක් වේ නම් රතු පෑනක සහ නිල් පෑනක මිල වෙන වෙනම සොයන්න,Type02,,,(n1*u1)+(n2*u2)=n3,u1+u2=n4,,(10*x)+(12*y)=200,x+y=18
කඩයක සෙල්ලම් කාර්  සහ බෝනික්කන් විකුනයි. සෙල්ලම් කාරයක් සහ බොනික්කෙක් සඳහා  රුපියල් 470 ක් වැය වේ. සෙල්ලම් කාර් 3 ක සහ බෝනික්කන් 5 ක මිල රුපියල් 1750 ක් වේ නම්  සෙල්ලම් කාරයක සහ බෝනික්කෙක් ගේ මිල සොයන්න  ,Type02,,,(n1*u1)+(n2*u2)=n3,u1+u2=n4,,(3*x)+(5*y)=1750,x+y=470
වෙළෙඳ සැලක අඹ ගෙඩියක් සහ දොඩම් ගෙඩියක් සඳහා රුපියල් 180 ක් වැය වේ. අඹ ගෙඩි 4 ක් සහ දොඩම් ගෙඩි 5 ක් රුපියල් 800 ක් වේ නම් අඹ ගෙඩියක සහ දොඩම් ගෙඩියක මිල වෙන වෙනම සොයන්න,Type02,,,(n1*u1)+(n2*u2)=n3,u1+u2=n4,,(4*x)+(5*y)=800,x+y=180
කඩයක ගවුමක සහ කමිසයක මිලෙහි එකතුව රුපියල් 1200 කි. ගවුම් 3 ක සහ කමිස 2 ක මිලෙහි රුපියල් 3100 කි. ගවුමක සහ කමිසයක මිල සොයන්න,Type02,,,(n1*u1)+(n2*u2)=n3,u1+u2=n4,,(3*x)+(2*y)=3100,x+y=1200
තැපැල් මුද්දරයක් සහ ලිපි මුද්දරයක්  සඳහා රුපියල් 53 ක්  වැය වේ. තැපැල් මුද්දර 30 ක් සහ ලිපි මුද්දර 20 ක් රුපියල් 1260 ක් වේ නම් තැපැල් මුද්දරයක සහ ලිපි මුද්දරයක මිල වෙන වෙනම සොයන්න,Type02,,,(n1*u1)+(n2*u2)=n3,u1+u2=n4,,(20*x)+(33*y)=1260,x+y=50
සීනි ගෝනියක සහ සහල් ගෝනියක මිලෙහි එකතුව රුපියල් 900 කි. සීනි ගෝනි දෙකක සහ සහල් ගෝනි 4 ක මිල 2600කි. සීනි ගෝනියක සහ සහල් ගෝනියක මිල වෙන වෙනම  සොයන්න,Type02,,,(n1*u1)+(n2*u2)=n3,u1+u2=n4,,(4*x)+(2*y)=2600,x+y=900
තොප්පියක් සහ කුඩයක් සඳහා ඩොලර් 14 ක් වැය වේ. ඔබ සතුව ඇත. කුඩ 5 ක් සහ  තොප්පි 4 ක් සඳහා ඩොලර් 65 ක් වැය වේ නම් කුඩයක සහ තොප්පියක මිල වෙන වෙනම සොයන්න.,Type02,,,(n1*u1)+(n2*u2)=n3,u1+u2=n4,,(9*x)+(5*y)=190,x+y=30
සාදයකට රටකජු රාත්තලක් සහ ආමන්ඩ් රාත්තලක් සඳහා ඩොලර් 8 ක් වැය වේ. රටකජු රාත්තල් 9 ක් සහ ක් ද ආමන්ඩ් රාත්තල් 3 ක් සඳහා ඩොලර්  42 ක් වැය වේ නම් රටකජු රාත්තලක  සහ ආමන්ඩ් රාත්තලක  මිල වෙන වෙනම සොයන්න.,Type02,,,(n1*u1)+(n2*u2)=n3,u1+u2=n4,,(3*x)+(5*y)=72,x+y=16
නාට්‍ය රඟහලක නාට්‍යයක වැඩිහිටි ප්‍රවේශපත්‍රයක්  සහ ළමා ප්‍රවේශපත්‍රයක් සඳහා  900 ක් වැය වේ. වැඩිහිටි ප්‍රවේශපත්‍ර 45 ක්  සහ ළමා ප්‍රවේශපත්‍ර 50 ක් විකිණිමෙන් ලැබුණු මුදල රුපියල් 42000 ක් වේ නම් වැඩිහිටි ප්‍රවේශපත්‍රයක සහ ළමා ප්‍රවේශපත්‍රයක මිල වෙන වෙනම සොයන්න,Type02,,,(n1*u1)+(n2*u2)=n3,u1+u2=n4,,(120*x)+(100*y)=9780,x+y=900
කඩයකින් බනිස් ගෙඩියක්  සහ මාලුපාන් ගෙඩියක් මිලදී ගැනීම සදහා රුපියල් 60 ක් වැය වේ. බනිස් ගෙඩි 3 ක් සහ මාලුපාන් ගෙඩි 4 ක් රුපියල් 215 ක් වේ නම්. බනිස් ගෙඩියක සහ මාලුපාන් ගෙඩියක මිල වෙන වෙනම සොයන්න,Type02,,,(n1*u1)+(n2*u2)=n3,u1+u2=n4,,(3*x)+(4*y)=215,x+y=60
ක්‍රීඩා භාණ්ඩ අලෙවි සැලක බෝලයක් සහ පිත්තක් සඳහා රුපියල් 2400 ක් වැය වේ. පිති 4 ක් සහ බෝල 5 ක් සඳහා රුපියල් 10200 ක් වැය වේ නම් පිත්තක සහ බෝලයක මිල වෙන වෙනම සොයන්න,Type02,,,(n1*u1)+(n2*u2)=n3,u1+u2=n4,,(4*x)+(5*y)=10200,x+y=2400
ගොවියෙක් අක්කර 240 ක ගොවිපලක අල  හා කැරට්  පමණක් වගා කරයි. මේ වසරේ ඔහුට කැරට් වලට වඩා අල අක්කර 80 ක් සිටුවීමට අවශ්‍යය. ගොවියාට අල හා  කැරට් සිටුවීමට අවශ්‍ය වන  අක්කර  ගණන සොයන්න,Type03,3,,u1+u2=n1,n2+u1=u2,,x+y=240,80+y=x
විශාල සංඛ්‍යාවක් කුඩා සංඛ්‍යාවක් 10 කින් ඉක්මවා යන අතර ඒවායේ එකතුව 34 කි. විශාල සංඛ්‍යාව හා කුඩා සංඛ්‍යාව සොයා ගන්න,Type03,3,,u1+u2=n1,n2+u1=u2,,x+y=34,10+y=x
වෙළඳපොලක දොඩම් වලට වඩා ඇපල් 27 ක් ඇත. ඇපල් හා දොඩම් 301 ක් ඇත. වෙළඳපොලේ ඇපල් සහ දොඩම්  කීය බැගින් තිබේද?,Type03,3,,u1+u2=n1,n2+u1=u2,,x+y=301,27+y=x
ජේන්ට ඇඳුම් සාප්පුවක් තිබේ. ඇයට ඇඳුම් 200 ක් සඳහා ඉඩකඩ තිබේ. ඇය විකුණන්නේ රතු ඇඳුම් සහ නිල් ඇඳුම් පමණි. විලාසිතා සඟරා කිහිපයක් කියවීමෙන් පසු ඇය රතු ඇඳුම් වලට වඩා නිල් ඇඳුම් 34 ක් සමඟ රාක්ක ගබඩා කිරීමට තීරණය කරයි. ඇය නිල් ඇඳුම් සහ රතු ඇඳුම් කීයක් ගබඩා කළ යුතුද?,Type03,3,,u1+u2=n1,n2+u1=u2,,x+y=240,80+y=x
රීසාගේ පළමු පුතා ඉපදෙන විට රීසාට වයස අවුරුදු 25 කි. අද ඔවුන්ගේ වයස්වල එකතුව 105 කි. රිසාට සහ ඇගේ පුතාට දැන් වයස කීයද?,Type03,3,,u1+u2=n1,n2+u1=u2,,x+y=105,25+y=x
කුඩා සංඛ්‍යාවක හා විශාල සංඛ්‍යාවක එකතුව 89 කි. කුඩා සංඛ්‍යාව හා විශාල සංඛ්‍යාව සොයන්න,Type03,3,,u1+u2=n1,n2+u1=u2,,x+y=89,1+y=x
ජේන් සහ සාරා හට බෝනික්කන් 32 ක් සිටිති. සාරා ට ජේන්ට වඩා බෝනික්කන් 6 ක් ඇත. ජේන්ට බෝනික්කන් කීයක් සිටීද? සාරා ට  කීයක් තිබේද?,Type03,3,,u1+u2=n1,n2+u1=u2,,x+y=32,6+y=x
රෙදිසෝදන යන්ත්රයක් සහ වියළනය යන්ත්‍රයේ සඳහා ඩොලර් 600 ක් වැය වේ.  වියළන යන්ත්‍රය මිලට  වඩා ඩොලර් 200 ක් රෙදිසෝදන යන්ත්‍රයේ මිල වැඩිය. වියළන යන්ත්රයේ හා රෙදිසෝදන යන්ත්‍රයේ මිල කුමක්ද?,Type03,3,,u1+u2=n1,n2+u1=u2,,x+y=600,200+y=x
 උද්‍යාන මේසයක් සහ බංකුවක් ඩොලර් 750 ක්  වේ. බංකුවේ මිලට වඩා ඩොලර් 250 ක් උද්‍යාන මේසයේ මිල වැඩිය. බංකුවේ සහ උද්‍යාන මේසයේ  පිරිවැය කුමක්ද?,Type03,3,,u1+u2=n1,n2+u1=u2,,x+y=750,250+y=x
සාප්පුවක දුඹුරු සපත්තු හා කළු සපත්තු 66 ක් ඇත. එහි දුඹුරු සපත්තු වලට වඩා කළු සපත්තු 26 ක් ඇත. දුඹුරු සපත්තු හා කළු සපත්තු වෙන වෙනම කීයක් තිබේද,Type03,3,,u1+u2=n1,n2+u1=u2,,x+y=66,26+y=x
ගොවිපළක අශ්වයින් හා එළදෙනුන් 168 ක් ඇත. අශ්වයින් ගණනට වඩා එළදෙනුන් 56 ක් ඇත. ගොවිපළේ සිටින එළදෙනුන් හා අශ්වයින් ගණන කීයද,Type03,3,,u1+u2=n1,n2+u1=u2,,x+y=168,56+y=x
පියුමි සතුව කුඩා තැපැල්පත් හා විශාල තැපැල්පත් 30 ක් ඇත. ඇය සතුව කුඩා තැපැල්පත් වලට වඩා 10 ක් විශාල තැපැල්පත් තිබේ. ඇය සතුව කුඩා තැපැල්පත් ගණන හා විශාල තැපැල්පත් ගණන සොයන්න,Type03,3,,u1+u2=n1,n2+u1=u2,,x+y=30,10+y=x
ශ්‍රීමා මහත්මියගේ පන්තියේ පිරිමි ළමයින් හා ගැහැණු ළමයින් 24 ක් සිටියි. එහි පිරිමි ළමයින්ට වඩා ගැහැණු ළමයින් 6 ක් ඇත. පිරිමි ළමයින් හා ගැහැණු ළමයින් කී දෙනෙක් සිටීද?,Type03,3,,u1+u2=n1,n2+u1=u2,,x+y=24,6+y=x
"පුස්තකාලයක අධ්‍යාපන පොත් හා නවකතා පොත් 2400 ක් ඇත. එහි අධ්‍යාපන පොත් වලට වඩා 600 ක් නවකතා පොත්  ඇත. පුස්තකාලයෙහි ඇති අධ්‍යාපන පොත් ගණන හා නවකතා පොත් ගණන වෙන වෙනම සොයන්න
",Type03,3,,u1+u2=n1,n2+u1=u2,,x+y=2400,600+y=x
නිමාලි සතුව නිල් පෑන් වලට වඩා රතු පෑන් 8 ක් ඇත. ඇය සතුව ඇති මුලු නිල් පෑන් සහ රතු පෑන් ගණන 20 ක් නම් නිල් පෑන් සහ රතු පෑන් ගණන වෙන වෙනම සොයන්න,Type03,3,,u1+u2=n1,n2+u1=u2,,x+y=20,8+y=x
"පාත්තියක රෝස මල් සහ ඕකිඩ් මල් 42 ක් ඇත. රෝස මල් වලට වඩා ඕකිඩ් මල් 14 ක් ඇත, රෝස මල් සහ ඕකිඩ් මල් ගණන වෙන වෙනම සොයන්න ",Type03,3,,u1+u2=n1,n2+u1=u2,,x+y=42,14+y=x
ශෙහානි සතුව ගවුම් හා බ්ලවුස් 18 ක් ඇත. ඇය සතුව ඇති ගවුම් ගණනට වඩා බ්ලවුස් 6 ක් ඇත. ශෙහානිට ඇති ගවුම් ගණන හා බ්ලවුස් ගණන වෙන වෙනම සොයන්න,Type03,3,,u1+u2=n1,n2+u1=u2,,x+y=18,6+y=x
පන්තියක ගැහැණු ළමුන් හා පිරිමි ළමුන් 35 ක් ඇත. එහි ගැහැණු ළමුන්ට වඩා පිරිමි ළමුන් 15 ක් සිටියි. පන්තියේ සිටින ගැහැණු ළමුන් ගණන හා පිරිමි ළමුන් ගණන සොයන්න,Type03,3,,u1+u2=n1,n2+u1=u2,,x+y=35,15+y=x
පෙට්ටියක රතු බෝල හා සුදු බෝල 27 ක් ඇත. එහි රතු බෝල වලට වඩා සුදු බෝල 9 ක් ඇත. පෙට්ටියේ ඇති රතු බෝල සහ සුදු බෝල ගණන සොයන්න,Type03,3,,u1+u2=n1,n2+u1=u2,,x+y=240,80+y=x
ධාන්‍ය ගබඩාවක කඩල ගෝනි සහ කවුපි ගෝනි 21 ක් ඇත. එහි කඩල ගෝනි ගණනට වඩා කවුපි ගෝනි 5 ක් ඇත. ගබඩාවෙහි ඇති කඩල ගෝනි සහ කවුපි ගෝනි ගණන සොයන්න,Type03,3,,u1+u2=n1,n2+u1=u2,,x+y=21,5+y=x
"ටීනා කඩේට ගොස් විශාල බෑගයකට හා කුඩා බෑගයකට  බඩු රැගෙන ආ අතර දෙකෙහිම එකතුව  12 kg වේ. , කුඩා බෑගය ට වඩා 4 kg ක් විශාල බෑගය බරය. බෑග් මලු වල බර වෙන වෙනම සොයන්න",Type03,3,,u1+u2=n1,n2+u1=u2,,x+y=12,4+y=x
"පාසල් බෑගයක මිල , අත් බෑගයක මිලට වඩා 1500ක් වැඩිය. පාසල් බෑගයක. සහ අත් බෑගයක  මිල රුපියල් 3300 ක් වේ නම් පාසල් බෑගයක  හා අත් බෑගයක මිල කීයද ",Type03,3,,u1+u2=n1,n2+u1=u2,,x+y=3300,1500+y=x
නිශාන් සතුව ඇති රුපියල් 5 සහ රුපියල් 10 මුද්දර ගණන 64ක් ඇත. ඔහු සතුව රුපියල් 5 මුද්දර වලට  වඩා  රුපියල් 10 මුද්දර 26ක් ඇත. රු 5 මුද්දර ගණන හා රු 10 මුද්දර  ගණන වෙන වෙනම සොයන්න ,Type03,3,,u1+u2=n1,n2+u1=u2,,x+y=64,26+y=x
රුවනිට මිතුරන් හා මිතුරියන් 15 ක් සිටියි. මිතුරන් ගණනට වඩා මිතුරියන් 5 ක්  ඇයට සිටියි. රුවනිට සිටින මිතුරන් හා මිතුරියන් ගණන වෙන වෙනම සොයන්න,Type03,3,,u1+u2=n1,n2+u1=u2,,x+y=15,5+y=x
කසුනි ගෙ උපන් දින සාදයේදි කොල බැලුන් හා නිල් බැලුන් 25 ක් ඇත. එහි කොල බැලුන් වලට වඩා නිල් බැලුන් 7 ක් තිබුණි. කොල බැලුන් ගණන හා නිල් බැලුන් ගණන වෙන වෙනම සොයන්න,Type03,3,,u1+u2=n1,n2+u1=u2,,x+y=25,7+y=x
ශීතකරණයක දොඩම් ගෙඩි සහ ඇපල් ගෙඩි 24 ක් ඇත. එහි දොඩම් ගෙඩි ගණනට වඩා ඇපල් ගෙඩි 8 ක්  ඇත . දොඩම් ගෙඩි ගණන සහ ඇපල් ගෙඩි ගණන වෙන වෙනම සොයන්න,Type03,3,,u1+u2=n1,n2+u1=u2,,x+y=24,8+y=x
ගෙවත්තක වසා සිටි ගිරවුන් සහ මයිනන් ගණන 16 කි. එහි මයිනන්ට වඩා ගිරවුන් 4 ක් සිටිති. ගෙවත්තෙහි සිටි ගිරවුන් සහ මයිනන් ගණන වෙන වෙනම සොයන්න,Type03,3,,u1+u2=n1,n2+u1=u2,,x+y=16,4+y=x
ගොවියෙකු තක්කාලි බීජ සහ මිරිස් බීජ වගා කරන අතර ඔහු මෙවර තක්කාලි බීජ සහ මිරිස් බීජ 300 ක් පැල කරයි. පැල කරන ලද මිරිස් බීජ ගණනට වඩා තක්කාලි බීජ ගණන 50 කින් වැඩිය. තක්කාලි බීජ සහ මිරිස් බීජ ගණන වෙන වෙනම සොයන්න,Type03,3,,u1+u2=n1,n2+u1=u2,,x+y=300,50+y=x
මල් කඩයක දවස අවසානයේ මල් වර්ග දෙකකින් මල් 56ක් ඉතිරිවී තිබුණි. ඉන් එක් මල් වර්ගයකට වඩා අනෙක් මල් වර්ගයෙන් මල් 18 ක් ඉතිරි වී තිබුනි. එක් එක් මල් වර්ගයෙන් ඉතුරු වී තිබු මල් ගණන වෙන  වෙනම සොයන්න,Type03,3,,u1+u2=n1,n2+u1=u2,,x+y=56,18+y=x
"රමේෂ් බැංකු ගිණුමක් ආරම්භ කළ අතර එහි පළමු වර සහ දෙවන වර තැම්පත් කල මුදල් වල එකතුව රුපියල් 12000 වේ . ඔහු පළමු වර තැම්පත් කල මුදලට වඩා දෙවන වර රුපියල් 4000 ක් තැම්පත් කලේය. පළමු වර සහ දෙවන වර තැම්පත් කරන ලද මුදල සොයන්න
",Type03,3,,u1+u2=n1,n2+u1=u2,,x+y=12000,4000+y=x
ගෘහ භාණ්ඩ අලෙවි සැලක මේසයක සහ පුටුවක මිල රුපියල් 65000 කි. පුටුවක මිල වඩා මේසයේ මිල රුපියල් 15000 කින් වැඩිය. මේසයක සහ පුටුවක මිල වෙන වෙනම සොයන්න,Type03,3,,u1+u2=n1,n2+u1=u2,,x+y=65000,15000+y=x
"අලෙවි සැලක කුඩා සුනඛයෙකුගෙ මිල සහ ලොකු සුනඛයෙකුගෙ මිල රුපියල් 18000 කි.  කුඩා සුනඛයෙකුගෙ මිලට වඩා ලොකු සුනඛයෙකුගෙ මිල රුපියල් 5000 කින් වැඩිය . සුනඛයන්ගේ මිල වෙන වෙනම සොයන්න
",Type03,3,,u1+u2=n1,n2+u1=u2,,x+y=18000,5000+y=x
සෙල්ලම් බඩු අලෙවි සැලක බෝනික්කන්  සහ සෙල්ලම් කාර් විකිණීමට ඇත. බෝනික්කෙක්  සහ සෙල්ලම් කාරයක  මිල රුපියල් 4800 කි.  බෝනික්කෙක්ගේ  මිලට වඩා සෙල්ලම් කාරයක  මිල රුපියල් 2500 කින් වැඩිය. සෙල්ලම් කාරයක  සහ බෝනික්කෙක්ගේ  මිල වෙන වෙනම සොයන්න,Type03,3,,u1+u2=n1,n2+u1=u2,,x+y=4800,2500+y=x
ගෙවත්තක ඇති මුලු අඹ ගස් සහ පොල් ගස් ගණන 15 කි. එහි අඹ ගස් ගණනට වඩා පොල් ගස් 5 ක් ඇත. ගෙවත්තෙහි ඇති අඹ ගස් සහ පොල් ගස් ගණන වෙන වෙනම සොයන්න,Type03,3,,u1+u2=n1,n2+u1=u2,,x+y=15,5+y=x
නිමාලි ගෙ උපන් දින සාදයට පැමිණ සිටි ගැහැණුන් හා පිරිමින් ගණන 25 කි. එහි පිරිමින් ගණනට වඩා ගැහැණුන් 9 ක් පැමිණ සිටියාය. පැමිණ සිටි ගැහැණුන් හා පිරිමින් ගණන වෙන වෙනම සොයන්න,Type03,3,,u1+u2=n1,n2+u1=u2,,x+y=25,9+y=x
ප්‍රසංගයක් සඳහා විකුණුනු වැඩිහිටි ප්‍රවේශපත්‍ර ගණන හා ළමා ප්‍රවේශපත්‍ර ගණන 5000 කි. එහිදි ළමා ප්‍රවේශපත්‍ර ගණනට වඩා 1500 ක් වැඩියෙන්  වැඩිහිටි ප්‍රවේශපත්‍ර විකිණිනි. වැඩිහිටි ප්‍රවේශපත්‍ර  ගණන හා ළමා ප්‍රවේශපත්‍ර ගණන වෙන වෙනම සොයන්න,Type03,3,,u1+u2=n1,n2+u1=u2,,x+y=5000,1500+y=x
රස කැවිලි කඩයක විකුණුනු ටොෆි සහ චොකලට් ගණන 120 කි. එහිදි චොකලට් ගණනට වඩා ටොෆි 30 ක් විකිණී ඇත. ටොෆි ගණන හා චොකලට් ගණන වෙන වෙනම සොයන්න,Type03,3,,u1+u2=n1,n2+u1=u2,,x+y=120,30+y=x
"උත්සවයකට බීම සැපයීම සඳහා දොඩම් බීම සහ නෙල්ලි බීම ලීටර 20 ක් ගෙනෙන ලදි.නෙල්ලි බීම ප්‍රමාණයට වඩා  දොඩම් බීම ප්‍රමාණය  ලීටර 2 කින් වැඩිය. එක් එක් බීම වර්ගයෙන් තිබූ බීම ලීටර ගණන වෙන වෙනම සොයන්න
",Type03,3,,u1+u2=n1,n2+u1=u2,,x+y=20,2+y=x
ගුවන් යානයක් ඉන්ධන ගැලුම් 35 ක් සහිතව ගමන් ආරම්භ කරයි. පළමු ගමනාන්තය වන විට වැය වු ඉන්ධන ගැලුම් ගණනට වඩා ඉන්ධන ගැලුම් 9 ක් ඉන් පසු දෙවන ගමනාන්තය තෙක් වැය වුනි. පළමු ගමනාන්තය සහ දෙවන ගමනාන්තය සඳහා වැය වු ඉන්ධන ගැලුම් ගණන සොයන්න,Type03,3,,u1+u2=n1,n2+u1=u2,,x+y=35,2+y=x
මේරි මල් කඩේකින් රෝස මල්පොකුරක් සහ ඩේලියා මල්පොකුරක් රුපියල් 2700 කට මිලදී ගත්තාය. රෝස මල්පොකුරක මිල ඩේලියා මල්පොකුරක මිලට වඩා රුපියල් 1200 කින් වැඩිය. රෝස මල්පොකුරක මිල ඩේලියා මල්පොකුරක මිල වෙන වෙනම සොයන්න,Type03,3,,u1+u2=n1,n2+u1=u2,,x+y=2700,1200+y=x
පාසලක බේස්බෝල් කණ්ඩායමක් තරගාවලියක තරග 18 ක් සෙල්ලම් කල අතර. ඉන් ඔවුන් දිනූ තරග ගණන පැරදුනු තරග ගණනට වඩා 6 කින් වැඩිය. කණ්ඩායම දිනූ තරග ගණන පැරදුනු තරග ගණන වෙන වෙනම සොයන්න,Type03,3,,u1+u2=n1,n2+u1=u2,,x+y=18,6+y=x
බඩු ප්‍රවහන රථයකට සහල් ගෝනි සහ සීනි ගෝනි 42 ක් ප්‍රවාහනය සඳහා පටවන ලදි. සීනි ගෝනි ගණනට වඩා සහල් ගෝනි 12 ක් පටවන ලදි. සහල් ගෝනි සහ සීනි ගෝනි ගණන වෙන වෙනම සොයන්න,Type03,3,,u1+u2=n1,n2+u1=u2,,x+y=42,12+y=x
නිශාන්ගේ වයස සහෝදරියගේ වයසට වඩා අවුරුදු 4 ක් වැඩිය. මේ වන විට නිශාන්ගේ වයස සහ සහෝදරියගේ වයස වල එකතුව 40 කි. නිශාන්ගේ වයස සහ සහෝදරියගේ වයස සොයන්න,Type03,3,,u1+u2=n1,n2+u1=u2,,x+y=40,4+y=x
රුවන් අර්ධ කාලීන රැකියා දෙකක් කරන අතර ඔහුගේ ගේ මාසික ආදායම රුපියල් 45000කි. එක් රැකියාවකින් ලැබෙන මුදලට වඩා  අනෙක් රැකියාවෙන් රුපියල් 8000ක් ඔහුට වේතනය ලෙස ලැබේ.එක් එක් රැකියාවෙන් ලැබෙන මුදල වෙන වෙනම සොයන්න,Type03,3,,u1+u2=n1,n2+u1=u2,,x+y=45000,8000+y=x
නුවන්ට අලුත් අවුරුද්දට තෑගි වශයෙන් මවගෙන් හා පියාගෙන් රුපියල් 6000 ක මුදලක් ලැබී තිබුණි. ඔහුට මවගෙන් ලබුණට වඩා රුපියල් 1000 ක් පියාගෙන් ලැබුණි. මවගෙන් හා පියාගෙන් නුවන් ට ලැබුණු මුදල් ප්‍රමණවල් සොයන්න,Type03,3,,u1+u2=n1,n2+u1=u2,,x+y=6000,1000+y=x
නයනි ට ඇයගේ කැටය කැඩීමෙන් රුපියල් 5000 ක මුදලක් ලබා ගත්තාය. එහි කාසි වලට වඩා රුපියල් 2000 ක් වැඩියෙන් මුදල් නෝට්ටු වලින් තිබුණි. කාසි වලින් හා නෝට්ටු වලින් ලැබුණු ගණන සොයන්න,Type03,3,,u1+u2=n1,n2+u1=u2,,x+y=5000,2000+y=x
සාරා වෙළෙඳ සැලට යන විට රුපියල් 6400 ක් රැගෙන ගිය අතර ඇය භාණ්ඩ ගැනීමට හා බිල්පත් සඳහා එය වැය කලාය. ඇය භාණ්ඩ වලට වඩා රුපියල් 2400 ක් බිල්පත් සඳහා කලාය. භාණ්ඩ හා බිල්පත් සඳහා වැය කල මුදල සොයන්න,Type03,3,,u1+u2=n1,n2+u1=u2,,x+y=6400,2400+y=x
ජේන් සහ මේරි සතුව ඇති මුලු  බෝනික්කන් ගණන 32කි. ජේන් සතුව ඇති බෝනික්කන් ගණනට වඩා මේරි සතුව බෝනික්කන් 6ක්  ඇත. ජේන් සහ මේරි සතුව ඇති බෝනික්කන් ගණන වෙන වෙනම සොයන්න,Type03,3,,u1+u2=n1,n2+u1=u2,,x+y=32,6+y=x
පෙට්ටියක ලොකු ඉටිපන්දම් සහ පොඩි ඉටිපන්දම් 16 ක් ඇත. එහි ඇති පොඩි ඉටිපන්දම් ගණන ලොකු ඉටිපන්දම් ගණනට වඩා  4 කින් වැඩිය. ලොකු ඉටිපන්දම් හා පොඩි ඉටිපන්දම් ගණන වෙන වෙනම සොයන්න,Type03,3,,u1+u2=n1,n2+u1=u2,,x+y=16,4+y=x
ගොවියෙක් අක්කර 240 ක ගොවිපලක අල  හා කැරට්  පමණක් වගා කරයි. මේ වසරේ ඔහුට කැරට් වලට වඩා අල අක්කර 80 ක් සිටුවීමට අවශ්‍යය. ගොවියාට අල හා  කැරට් සිටුවීමට අවශ්‍ය වන  අක්කර  ගණන සොයන්න,Type03,,,u1+u2=n1,n2 +u1=u2,,x+y=240,80+y=x
කුඩා සංඛ්‍යාව  හා විශාල සංඛ්‍යාවක එකතුව 70. විශාල සංඛ්‍යාව කුඩා සංඛ්‍යාවෙහි 3 ගුණයට වඩා 10 ක් වැඩිය. කුඩා සංඛ්‍යාව  හා විශාල සංඛ්‍යාව සොයා ගන්න,Type04,,,u1+u2=n1,n2+(n3*u1)=u2,,x+y=70,(3*x)+10=y
ගුවන් යානයක ආසන 387 ක් ඇත. තුන්වනපන්තියේ ආසන සංඛ්‍යාව පළමුපන්තියේ ආසන මෙන් 4 ගුණයකට වඩා 2 ක් වැඩිය. යානයේ පළමුපන්තියේ සහ තුන්වනපන්තියේ ආසන කීයක් තිබේද?,Type04,,,u1+u2=n1,n2+(n3*u1)=u2,,x+y=387,(4*x)+2=y
"තරිඳුට නිවසේ සිට පාසලට 15 km ඇති  අතර , ඔහු ඉන් යම් දුරක් බසයෙන් ඉතිරිය  පයින් ද යයි. ඔහු ඇවිද යන දුර මෙන් 3 ගුණයකට වඩා 3 ක් වැඩියෙන් බසයෙන් යයි. ඔහු ඇවිද යන දුර සහ බසයෙන් යන දුර ප්‍රමාණවල් වෙන වෙනම සොයන්න",Type04,,,u1+u2=n1,n2+(n3*u1)=u2,,x+y=15,(3*x)+3=y
රෙදි සෝදන යන්ත්රයක් සහ වියළන යන්ත්රයක් සඳහා ඩොලර් 600 ක් වැය වේ. රෙදි සෝදන යන්ත්රය වියළන යන්ත්රයේ මිල මෙන් 2 ගුණයකට වඩා ඩොලර් 30 ක් වැඩිය. වියළන යන්ත්රයේ පිරිවැය කුමක්ද?,Type04,,,u1+u2=n1,n2+(n3*u1)=u2,,x+y=600,(2*x)+30=y
උද්‍යාන මේසයක් සහ බංකුවක් ඩොලර් 750 ක්  වේ. උද්‍යාන මේසයේ මිල බංකුවේ මිල මෙන් දෙගුණයකට වඩා ඩොලර් 15 ක් වැඩිය. බංකුවේ සහ මේසයේ පිරිවැය කුමක්ද?,Type04,,,u1+u2=n1,n2+(n3*u1)=u2,,x+y=15,(3*x)+3=y
 සාප්පුවක දුඹුරු සපත්තු ගණන කළු සපත්තු මෙන් දෙගුණයකට වඩා 9 ක් වැඩිය. සාප්පුවේ ඇති දුඹුරු සපත්තු ගණන හා කළු සපත්තු ගණන 66 කි. දුඹුරු සපත්තු හා කළු සපත්තු වෙන වෙනම කීයක් තිබේද?,Type04,,,u1+u2=n1,n2+(n3*u1)=u2,,x+y=15,(3*x)+3=y
ගොවියෙක් අශ්වයන් මෙන් 4 ගුණයකට වඩා 8 ක් වැඩියෙන් එළදෙනුන් ඇති දැඩි කරයි. ඔහුට අශ්වයින් හා ගවයින් 168 ක් සිටී නම් ඔහුට සිටින ගවයින් හා අශ්වයින් කීයක් සිටීද?,Type04,,,u1+u2=n1,n2+(n3*u1)=u2,,x+y=168,(4*x)+8=y
පියුමි සතුව කුඩා තැපැල්පත් හා විශාල තැපැල්පත් 30 ක් ඇත. ඇය සතුව කුඩා තැපැල්පත් මෙන් 3 ගුණයකට වඩා 2 ක් වැඩියෙන් විශාල තැපැල්පත් තිබේ. ඇය සතුව කුඩා තැපැල්පත් ගණන හා විශාල තැපැල්පත් ගණන සොයන්න,Type04,,,u1+u2=n1,n2+(n3*u1)=u2,,x+y=30,(3*x)+2=y
ශ්‍රීමා මහත්මියගේ පන්තියේ පිරිමි ළමයින් හා ගැහැණු ළමයින් 24 දෙනෙක් සිටිති. පිරිමි ළමයින් මෙන් දෙගුණයකට වඩා 3 ක් වැඩියෙන් ගැහැණු ළමයින් ඇත. පිරිමි ළමයින් හා ගැහැණු ළමයින් කී දෙනෙක් සිටීද?,Type04,,,u1+u2=n1,n2+(n3*u1)=u2,,x+y=24,(2*x)+3=y
පුස්තකාලයක අධ්‍යාපන පොත් ගණන හා නවකතා පොත් ගණන 2400 කි එහි අධ්‍යාපන පොත්  මෙන් 3 ගුණයකට වඩා 320 ක් වැඩියෙන් නවකතා පොත්  ඇත. පුස්තකාලයෙහි ඇති අධ්‍යාපන පොත් ගණන හා නවකතා පොත් ගණන වෙන වෙනම සොයන්න,Type04,,,u1+u2=n1,n2+(n3*u1)=u2,,x+y=2400,(3*x)+320=y
නිමාලි සතුව ඇති නිල් පෑන් සහ රතු පෑන් ගණන 20 කි. ඇය සතුව නිල් පෑන් මෙන් 3 ගුණයකට වඩා 4 ක් වැඩියෙන් රතු පෑන් ඇත. නිල් පෑන් සහ රතු පෑන් ගණන වෙන වෙනම සොයන්න,Type04,,,u1+u2=n1,n2+(n3*u1)=u2,,x+y=20,(3*x)+4=y
පාත්තියක ඇති රෝස මල් සහ ඕකිඩ් මල් ගණන 52 කි. පාත්තියේ රෝස මල් මෙන් දෙගුණයකට වඩා 7 ක් වැඩියෙන් ඕකිඩ් මල් ඇත. රෝස මල් සහ ඕකිඩ් මල් ගණන වෙන වෙනම සොයන්න,Type04,,,u1+u2=n1,n2+(n3*u1)=u2,,x+y=52,(2*x)+7=y
ශෙහානි සතුව ගවුම් ගණන හා බ්ලවුස් ගණන 18 ක් ඇත. ඇය සතුව ගවුම් ගණන මෙන් දෙගුණයකට වඩා 3 ක් බ්ලවුස්  ඇත. ශෙහානිට ඇති ගවුම් ගණන හා බ්ලවුස්  ගණන වෙන වෙනම සොයන්න,Type04,,,u1+u2=n1,n2+(n3*u1)=u2,,x+y=18,(2*x)+3=y
පෙට්ටියක රතු බෝල හා සුදු බෝල 27 ක් ඇත. එහි රතු  බෝල මෙන් 2 ගුණයකට වඩා 3 ක් වැඩියෙන් සුදු  බෝල ඇත. පෙට්ටියේ ඇති රතු  බෝල සහ සුදු බෝල ගණන සොයන්න,Type04,,,u1+u2=n1,n2+(n3*u1)=u2,,x+y=27,(2*x)+3=y
ධාන්‍ය ගබඩාවක කඩල ගෝනි සහ කවුපි ගෝනි 21 ක් ඇත. එහි කඩල ගෝනි මෙන් 2 ගුණයකට වඩා 3 ක් කවුපි ගෝනි ඇත. ගබඩාවෙහි ඇති කඩල ගෝනි සහ කවුපි ගෝනි  ගණන සොයන්න,Type04,,,u1+u2=n1,n2+(n3*u1)=u2,,x+y=21,(2*x)+3=y
ටීනා කඩේට ගොස් විශාල බෑගයකට සහ කුඩා බෑගයකට බඩු රැගෙන ආ අතර දෙකෙහිම එකතුව බර 12 kg වේ. විශාල බෑගය කුඩා බෑගය මෙන් 2 ගුණයකට වඩා 3 kgක් බරය. විශාල බෑගයේ සහ කුඩා බෑගයේ බර වෙන වෙනම සොයන්න,Type04,,,u1+u2=n1,n2+(n3*u1)=u2,,x+y=12,(2*x)+3=y
පාසල් බෑගයක සහ අත් බෑගයක මිල රුපියල් 3300 ක් වේ. පාසල් බෑගයක මිල අත් බෑගයක මිල මෙන් 2 ගුණයකට වඩා 300 ක් වැඩිය. පාසල් බෑගයක හා අත් බෑගයක මිල කීයද,Type04,,,u1+u2=n1,n2+(n3*u1)=u2,,x+y=3300,(2*x)+300=y
නිශාන් සතුව ඇති රුපියල් 5 සහ රුපියල් 10 මුද්දර ගණන 64ක් ඇත. ඔහු සතුව ඇති රුපියල් 5 මුද්දර ගණන මෙන් 5 ගුණයකට වඩා 4ක් වැඩියෙන්  රුපියල් 10 මුද්දර ඇත. රු 5 මුද්දර ගණන හා රු 10 මුද්දර  ගණන වෙන වෙනම සොයන්න ,Type04,,,u1+u2=n1,n2+(n3*u1)=u2,,x+y=64,(5*x)+4=y
රුවනි ට මිතුරන් හා මිතුරියන් 15 ක් සිටියි. මිතුරන් ගණන මෙන් 2 ගුණයකට වඩා 3 ක් වැඩියෙන් මිතුරියන් ඇයට සිටියි. රුවනිට සිටින මිතුරන් හා මිතුරියන් ගණන වෙන වෙනම  සොයන්න,Type04,,,u1+u2=n1,n2+(n3*u1)=u2,,x+y=15,(2*x)+3=y
කසුනි ගෙ උපන් දින සාදයේ තිබූ කොල පාට බැලුන් ගණන හා නිල් පාට බැලුන් ගණන 25 කි.එහි කොල පාට බැලුන් මෙන් 3 ගුණයකට වඩා 1 ක් වැඩියෙන් නිල් පාට බැලුන් තිබුණි. කොල පාට බැලුන් ගණන හා නිල් පාට බැලුන් ගණන වෙන වෙනම සොයන්න,Type04,,,u1+u2=n1,n2+(n3*u1)=u2,,x+y=25,(3*x)+1=y
ශීතකරණයක දොඩම් ගෙඩි සහ ඇපල් ගෙඩි 24 ක් ඇත. එහි දොඩම් ගණන මෙන් 2 ගුණයකට වඩා 3 ක් වැඩියෙන් ඇපල් ගෙඩි ඇත. දොඩම් ගෙඩි ගණන සහ ඇපල් ගෙඩි ගණන වෙන වෙනම සොයන්න,Type04,,,u1+u2=n1,n2+(n3*u1)=u2,,x+y=24,(2*x)+3=y
ගෙවත්තක වසා සිටි ගිරවුන් සහ මයිනන් ගණන 16 කි. එහි මයිනන් මෙන් 3 ගුණයකට වඩා 1 ක් වැඩියෙන් ගිරවුන් සිටියහ. ගෙවත්තෙහි සිටි ගිරවුන් සහ මයිනන් ගණන වෙන වෙනම සොයන්න,Type04,,,u1+u2=n1,n2+(n3*u1)=u2,,x+y=16,(2*x)+1=y
"ගොවියෙකු තක්කාලි සහ මිරිස් වගා කරන අතර ඔහු මෙවර තක්කාලි සහ මිරිස් බීජ 300ක් පැල කරයි. පැල කරන ලද මිරිස් බීජ ගණන, තක්කාලි බීජ ගණන මෙන් 5 ගුණයකට වඩා 24කින් වැඩිය . එක් එක් බීජ වල ගණන වෙන වෙනම සොයන්න",Type04,,,u1+u2=n1,n2+(n3*u1)=u2,,x+y=300,(3*x)+3=y
මල් කඩය දවස අවසානයේ මල් වර්ග දෙකකින් මල් 56 ක් ඉතිරිවී තිබුණි. ඉන් එක් මල් වර්ගයක මෙන් 5 ගුණයකට වඩා 8 ක් වැඩියෙන්  අනෙක් මල් වර්ගයෙන් ඉතිරි වී තිබුනි. එක් එක් මල් වර්ගයෙන් ඉතුරු වී තිබු මල් ගණන වෙන  වෙනම සොයන්න,Type04,,,u1+u2=n1,n2+(n3*u1)=u2,,x+y=56,(5*x)+8=y
"රමේෂ් බැංකු ගිණුමක් ආරම්භ කළ අතර එහි දෙවරක් මුදල් තැම්පත් කලේය. ඔහු  පළමු වර තැම්පත් කල මුදල මෙන් 4 ගුණයකට වඩා 2000 ක් වැඩියෙන් දෙවන වර තැම්පත් කලේය.  බැංකු ගිණුමේ තිබු මුලු මුදල 12000 නම් එක් එක් වර තැම්පත් කරන ලද මුදල සොයන්න
",Type04,,,u1+u2=n1,n2+(n3*u1)=u2,,x+y=12000,(4*x)+2000=y
ගෘහ භාණ්ඩ අලෙවි සැලක මේසයක සහ පුටුවක මිල 65000 කි. මේසයේ මිල පුටුවක මිල මෙන් 4 ගුණයකට වඩා 5000 ක් වැඩිය. මේසයක සහ පුටුවක මිල වෙන වෙනම සොයන්න,Type04,,,u1+u2=n1,n2+(n3*u1)=u2,,x+y=65000,(4*x)+5000=y
සුනඛ අලෙවි සැලක කුඩා සහ ලොකු සුනඛයෙකුගෙ මිල රුපියල් 18000 කි. ලොකු සුනඛයෙකුගෙ මිල කුඩා සුනඛයෙකුගෙ මිල මෙන් 4 ගුණයකට වඩා 3000 ක් වැඩිය. සුනඛයන්ගේ මිල වෙන වෙනම සොයන්න,Type04,,,u1+u2=n1,n2+(n3*u1)=u2,,x+y=18000,(4*x)+3000=y
සෙල්ලම් බඩු අලෙවි සැලක බෝනික්කන්  සහ සෙල්ලම් කාර් විකිණීමට ඇත. බෝනික්කෙක්  සහ සෙල්ලම් කාරයක  මිල රුපියල් 4800 කි. සෙල්ලම් කාරයක  මිල බෝනික්කෙක්ගේ  මිල මෙන් 4 ගුණයකට වඩා 300 කින් වැඩිය. සෙල්ලම් කාරයක  සහ බෝනික්කෙක්ගේ  මිල වෙන වෙනම සොයන්න,Type04,,,u1+u2=n1,n2+(n3*u1)=u2,,x+y=4800,(4*x)+300=y
ගෙවත්තක ඇති මුලු අඹ ගස් සහ  පොල් ගස් ගණන 15 කි. එහි පොල් ගස් ගණන අඹ ගස් මෙන් 2 ගුණයකට වඩා 3 කින් වැඩිය. ගෙවත්තෙහි ඇති අඹ ගස් සහ  පොල් ගස් ගණන වෙන වෙනම සොයන්න ,Type04,,,u1+u2=n1,n2+(n3*u1)=u2,,x+y=15,(2*x)+3=y
"	
නිමාලි  ගෙ උපන් දින සාදයට පැමිණ සිටි ගණන 25 කි. එහි පිරිමින් මෙන් 3 ගුණයකට වඩා 1 ක් වැඩියෙන්  ගැහැණුන් පැමිණ සිටියාය. පැමිණ සිටි ගැහැණුන් හා පිරිමින් ගණන වෙන වෙනම සොයන්න",Type04,,,u1+u2=n1,n2+(n3*u1)=u2,,x+y=25,(3*x)+3=y
"චිත්‍ර ශිල්පියෙකු සිතුවම් දෙකක් විකිණීමෙන් රුපියල් 3000 ක් ලබා ගත්තේය. එක් සිතුවමක මිල අනෙක් සිතුවමේ මිල මෙන් 2 ගුණයකට වඩා රුපියල් 500 කින් වැඩිය. සිතුවම් වල මිල ගණන් සොයන්න
",Type04,,,u1+u2=n1,n2+(n3*u1)=u2,,x+y=3000,(2*x)+500=y
ප්‍රසංගයක් සඳහා විකුණුනු මුලු ප්‍රවේශපත්‍ර ගණන 5000 කි. එහිදි ළමා ප්‍රවේශපත්‍ර මෙන් 4 ගුණයකට වඩා 200 ක් වැඩියෙන්  වැඩිහිටි ප්‍රවේශපත්‍ර විකිණිනි. වැඩිහිටි ප්‍රවේශපත්‍ර  ගණන හා ළමාප්‍රවේශ පත්‍ර ගණන වෙන වෙනම සොයන්න,Type04,,,u1+u2=n1,n2+(n3*u1)=u2,,x+y=5000,(4*x)+200=y
රස කැවිලි කඩයක  විකුණුනු මුලු ටොෆි සහ චොකලට් ගණන 120 කි. එහිදි විකිණී ඇති ටොෆි ගණන මෙන් 5 ගුණයකට වඩා 2 කින් වැඩිය.  චොකලට්  විකිණිනි. ටොෆි ගණන හා චොකලට්  ගණන වෙන වෙනම සොයන්න,Type04,,,u1+u2=n1,n2+(n3*u1)=u2,,x+y=120,(5*x)+2=y
උත්සවයකට බීම සැපයීම සඳහා දොඩම් බීම සහ නෙල්ලි බීම ලීටර 20 ක් ගෙනෙන ලදි. දොඩම් බීම ප්‍රමාණය මෙන් 3 ගුණයකට වඩා ලීටර් 4 ක් වැඩියෙන් නෙල්ලි බීම සපයා තිබුණි. එක් එක් බීම වර්ගයෙන් තිබූ බීම ලීටර ගණන වෙන වෙනම සොයන්න,Type04,,,u1+u2=n1,n2+(n3*u1)=u2,,x+y=20,(3*x)+4=y
"මේරි මල් කඩේකින්  රෝස මල් පොකුරක් සහ ඩේලියා මල්  පොකුරක් රුපියල් 2700 කට මිලදී ගත්තාය. රෝස මල් පොකුරක මිල , ඩේලියා මල්  පොකුරක මිල මෙන් 4 ගුණයකට වඩා  රුපියල් 200 ක් වැඩිය. රෝස  හා ඩේලියා මල් පොකුරු වල මිල වෙන වෙනම සොයන්න",Type04,,,u1+u2=n1,n2+(n3*u1)=u2,,x+y=2700,(4*x)+200=y
පාසලක බේස්බෝල් කණ්ඩායමක් තරගාවලියක් සඳහා මුලු තරග 18 ක් සෙල්ලම් කල අතර. ඉන් ඔවුන් ජය ලැබූ තරග ගණන පරාජය වු තරග ගණන මෙන් 4 ගුණයකට වඩා 3 කින් වැඩිය. කණ්ඩායම ජයග්‍රහණය කල සහ පැරදුනු තරග ගණන වෙන වෙනම සොයන්න,Type04,,,u1+u2=n1,n2+(n3*u1)=u2,,x+y=18,(4*x)+3=y
"බඩු ප්‍රවහන  ට්‍රක් රථයකට බරැති සහල් ගෝනි සහ සීනි ගෝනි 42 ක් ප්‍රවාහනය සඳහා පටවන ලදි. පටවන ලද සීනි ගෝනි ගණන මෙන් 7 ගුණයකට වඩා 2 ක් වැඩියෙන් සහල් ගෝනි පටවන ලදි. සහල් ගෝනි සහ සීනි ගෝනි ගණන වෙන වෙනම සොයන්න 
",Type04,,,u1+u2=n1,n2+(n3*u1)=u2,,x+y=42,(7*x)+2=y
නුවන් ට අලුත් අවුරුද්දට තෑගි වශයෙන් රුපියල් 6000ක මුදලක් ලැබී තිබුණි. ඔහුට මවගෙන් ලබුණු මුදල මෙන් 3 ගුණයක්ට වඩා රුපියල් 1000ක් වැඩියෙන් පියා ගෙන් ලැබුණි. මවගෙන් හා පියා ගෙන් නුවන් ට ලැබුණු මුදල් ප්‍රමණවල් සොයන්න,Type04,,,u1+u2=n1,n2+(n3*u1)=u2,,x+y=6000,(3*x)+1000=y
නයනි ට ඇයගේ කැටය කැඩීමෙන් රුපියල් 5000ක මුදලක් ලබා ගත්තාය. එහි  කාසි වලින් තිබු මුදල 5 ගුණයකට වඩා රුපියල් 800ක් වැඩියෙන් මුදල් නෝට්ටු වලින් තිබුණි. කාසි වලින් හා නෝට්ටු වලින් ලැබුණු මුදල් ප්‍රමණවල් සොයන්න,Type04,,,u1+u2=n1,n2+(n3*u1)=u2,,x+y=5000,(5*x)+800=y
සාරා වෙළෙඳ සැලට යන විට රුපියල් 6400ක් රැගෙන ගිය අතර ඇය භාණ්ඩ මිලදි ගැනීමට හා බිල් පත් ගෙවීමට මුලු මුදලම වැය කලාය. ඇය භාණ්ඩ වලට වැය කල මුදල මෙන් 5 ගුණයකට වඩා රුපියල් 400ක් වැඩියෙන් බිල් පත් වලට වැය කලාය. භාණ්ඩ මිලදි ගැනීමට හා බිල් පත් වලට වැය කල මුදල සොයන්න ,Type04,,,u1+u2=n1,n2+(n3*u1)=u2,,x+y=6400,(5*x)+400=y
ජේන් සහ මේරි සතුව ඇති මුලු  බෝනික්කන් ගණන 32කි. ජේන් සතුව ඇති බෝනික්කන් ගණන මෙන් 3 ගුණයකට වඩා 4ක් වැඩියෙන්  මේරි සතුව ඇත. ජේන් සහ මේරි සතුව ඇති බෝනික්කන් ගණන වෙන වෙනම සොයන්න,Type04,,,u1+u2=n1,n2+(n3*u1)=u2,,x+y=32,(3*x)+4=y
"ඉටිපන්දම් විකිණීමට ඇති කඩයක, ඉටිපන්දම් පෙට්ටියක ලොකු ඉටිපන්දම් සහ පොඩි ඉටිපන්දම් 16 ක් ඇත. එහි ඇති පොඩි ඉටිපන්දම් ගණන ලොකු ඉටිපන්දම් ගණන මෙන් 2 ගුණයකට වඩා 1 කින් වැඩිය. පෙට්ටියේ ඇති ලොකු හා පොඩි ඉටිපන්දම් ගණන වෙන වෙනම සොයන්න",Type04,,,u1+u2=n1,n2+(n3*u1)=u2,,x+y=16,(2*x)+1=y
රුවන් සහ නුවන් සතුව ඇති මුලු සෙල්ලම් කාර්  ගණන 24 කි. රුවන් සතුව ඇති සෙල්ලම් කාර්   ගණන මෙන් 2 ගුණයකට වඩා 3 ක් වැඩියෙන් නුවන් සතුව ඇත. රුවන් සහ නුවන් සතුව ඇති සෙල්ලම් කාර්   ගණන වෙන වෙනම සොයන්න,Type04,,,u1+u2=n1,n2+(n3*u1)=u2,,x+y=24,(2*x)+3=y
"විමල්  කඩේට ගොස් රුපියල් 1500කට සහල් සහ පරිප්පු  රැගෙන ආවේය. පරිප්පු  සඳහා වැය වූ මුදල මෙන්  4 ගුණයකට වඩා 1500ක් වැඩියෙන්  , සහල්  සඳහා වැය වුනි. සහල් සහ පරිප්පු සඳහා වැය වූ  වල මුදල වෙන වෙනම සොයන්න",Type04,,,u1+u2=n1,n2+(n3*u1)=u2,,x+y=1500,(4*x)+150=y
සාරා ඇගේ උපන්දින සාදය සඳහා කෑම සහ බීම ඇණවුම් කල අතර ඒ සඳහා වැය වූ මුලු වියදම රුපියල් 9000 කි. ඇයට බීම සඳහා වැය වූ මුදල මෙන් 3න් ගුණයකට වඩා රුපියල් 3500කින් වැඩිය. කෑම සඳහා වැය වුනි. කෑම සහ බීම සඳහා වැය වූ මුදල වෙන වෙනම සොයන්න,Type04,,,u1+u2=n1,n2+(n3*u1)=u2,,x+y=9000,(3*x)+3500=y
කසුනි සතුව පාසලට ආධාර සඳහා විකිණීමට ලැබුණු ටිකට් පොතෙහි ඇති මුලු ටිකට් පත් ගණන 50කි. මේ වන විට ඇය විකුණා ඇති ටිකට් පත් ගණන මෙන් 5 ගුණයකට වඩා 2ක් වැඩියෙන් තව විකිණීම සඳහා ඉතිරිව ඇත. විකුණා ඇති සහ ඉතිරි වී ඇති ටිකට් පත් ගණන කීයද,Type04,,,u1+u2=n1,n2+(n3*u1)=u2,,x+y=50,(5*x)+2=y
අඩි 68 ක නළයක් කැබලි 2 කට කපා ඇති අතර එම කැබලි වල දිගෙහි වෙනස  අඩි 12 කි.  කැබැලි වල  දිග වෙන වෙනම සොය,Type05,5,, u1+u2=n1,u2-n2=u1,,x+y=68, x-y=12
කසුනි ට වෙළෙඳ සැල් දෙකකින් මිලදී ගැනීම සඳහා බඩු ලැයිස්තු දෙකක් ඇත. ලැයිස්තු දෙකෙහි ඇති සිල්ලර බඩු ප්‍රමාණ වල වෙනස 7 කි. මුළු අයිතම ගණන 33. එක් එක් ලැයිස්තුවේ ඇති අයිතම ගණන කොපමණ ද?,Type05,5,,u1+u2=n1,u2-n2=u1,,x+y=33, x-y=7
එක් සංඛ්‍යාවක් සහා  තවත් සංඛ්‍යාවක් අතර වෙනස  10 කි. ඒවායේ මුලු එකතුව 34 කි. විශාල සංඛ්‍යාව හා කුඩා සංඛ්‍යාව සොයා ගන්න,Type05,5,,u1+u2=n1,u2-n2=u1,,x+y=34, x-y=10
වෙළඳපොලක ඇති මුලු ඇපල් හා දොඩම් ගණන 301 කි. එහි  දොඩම් ගණන හා ඇපල් ගණන අතර වෙනස 27 කි. වෙළඳපොලේ ඇපල් සහ දොඩම්  කීය බැගින් තිබේද,Type05,5,,u1+u2=n1,u2-n2=u1,,x+y=301, x-y=27
අනුයාත සංඛ්‍යා 2 ක එකතුව 89කි. කුඩා සංඛ්‍යාව හා විශාල සංඛ්‍යාව සොයන්න,Type05,5,,u1+u2=n1,u2-n2=u1,,x+y=89, x-y=1
ජේන් සහ සාරා හට සිටින  මුලු බෝනික්කන් ගණන 32 කි. සාරා ට සහ  ජේන්ට සිටින බෝනික්කන් අතර වෙනස 6 කි. ජේන් සහ සාරා හට සිටින බෝනික්කන් ගණන වෙන වෙනම සොයන්න,Type05,5,,u1+u2=n1,u2-n2=u1,,x+y=32, x-y=6
රෙදි සෝදන යන්ත්රයක් සහ වියළනයක මුලු  මිල ඩොලර් 600 ක් වැය වේ. රෙදි සෝදන යන්ත්‍රයේ මිල සහ  වියළන යන්ත්‍රයේ මිල අතර වෙනස  ඩොලර් 200 කි . වියළන යන්ත්රයේ හා රෙදි සෝදන යන්ත්‍රයේ මිල කුමක්ද?,Type05,5,,u1+u2=n1,u2-n2=u1,,x+y=600, x-y=200
උද්‍යාන මේසයේ මිල සහ  බංකුවේ මිල අතර වෙනස  ඩොලර් 250 කි. උද්‍යාන මේසයක සහ බංකුවක මුළු මිල ඩොලර් 750 ක්  වේ.  බංකුවේ සහ උද්‍යාන මේසයේ  පිරිවැය කුමක්ද?,Type05,5,,u1+u2=n1,u2-n2=u1,,x+y=750, x-y=250
අනුයාත නිඛිල දෙකක එකතුව 95ක් වේ. කුඩා හා විශාල සංඛ්‍යාවන් සොයා ගන්න,Type05,5,,u1+u2=n1,u2-n2=u1,,x+y=95, x-y=1
සපත්තු සාප්පුවක දුඹුරු සපත්තු සහ  කළු සපත්තු ගණන අතර වෙනස  26 කි. මුළු සපත්තු සංඛ්‍යාව 66 කි. දුඹුරු සපත්තු හා කළු සපත්තු වෙන වෙනම කීයක් තිබේද?,Type05,5,,u1+u2=n1,u2-n2=u1,,x+y=66, x-y=26
ගොවිපළක  අශ්වයන් සහ එළදෙනුන් අතර වෙනස  56 ක් වේ. එහි මුලු සතුන් 168 ක් සිටී නම් ගොවිපළේ සිටින එළදෙනුන් හා අශ්වයින් ගණන කීයද ,Type05,5,,u1+u2=n1,u2-n2=u1,,x+y=168, x-y=56
පියුමි සතුව මුලු තැපැල්පත් 30 ක් ඇත. ඇය සතුව කුඩා තැපැල්පත් සහ  විශාල තැපැල්පත් අතර වෙනස 10 කි.  ඇය සතුව කුඩා තැපැල්පත්  ගණන හා විශාල තැපැල්පත් ගණන සොයන්න,Type05,5,,u1+u2=n1,u2-n2=u1,,x+y=30, x-y=10
ශ්‍රීමා මහත්මියගේ පන්තියේ ළමයින් මුලු 24 දෙනෙක් සිටිති. එහි පිරිමි ළමයින් ගණන සහ  ගැහැණු ළමයින් ගණන අතර වෙනස  6 කි. පිරිමි ළමයින් හා ගැහැණු ළමයින් කී දෙනෙක් සිටීද?,Type05,5,,u1+u2=n1,u2-n2=u1,,x+y=24, x-y=6
පුස්තකාලයක  පොත් පුස්තකාලයක මුලු පොත්  2400 ක් ඇත. එහි අධ්‍යාපන පොත් ගණන සහ නව කතා පොත් ගණන අතර වෙනස 600 ඇත. පුස්තකාලයෙහි ඇති  අධ්‍යාපන පොත් ගණන හා නව කතා  පොත් ගණන වෙන වෙනම සොයන්න,Type05,5,,u1+u2=n1,u2-n2=u1,,x+y=2400, x-y=600
"නිමාලි සතුව ඇති නිල් පෑන් සහ  රතු පෑන් ගණන අතර වෙනස  8 කි. ඇය සතුව ඇති මුලු පෑන් ගණන 20 ක් නම්, නිල්  පෑන්  සහ රතු පෑන් ගණන වෙන වෙනම සොයන්න ",Type05,5,,u1+u2=n1,u2-n2=u1,,x+y=20, x-y=8
"මල් පාත්තියක  රෝස මල් ගණන සහ  ඕකිඩ් මල් ගණන අතර වෙනස 14 ක් වේ. පාත්තියේ ඇති මුලු මල් ගණන 42 ක් නම්, රෝස මල්  සහ ඕකිඩ් මල්  ගණන වෙන වෙනම සොයන්න ",Type05,5,,u1+u2=n1,u2-n2=u1,,x+y=42, x-y=14
ශෙහානි සතුව මුලු ඇඳුම් 18 ක් ඇත. ඇය සතුව ඇති ගවුම් ගණන සහ බ්ලවුස් ගණන අතර වෙනස 6 කි.  ශෙහානිට  ඇති  ගවුම් ගණන හා බ්ලවුස්  ගණන වෙන වෙනම සොයන්න,Type05,5,,u1+u2=n1,u2-n2=u1,,x+y=18, x-y=6
පන්තියක සිටින මුලු ළමයින් 35 ගණන කි. එහි ගැහැණු ළමුන් සහ  පිරිමි ළමුන් ගණන අතර වෙනස 15 කි. පන්තියේ සිටින ගැහැණු ළමුන්  ගණන හා පිරිමි ළමුන් ගණන සොයන්න,Type05,5,,u1+u2=n1,u2-n2=u1,,x+y=35, x-y=15
පෙට්ටියක රතු හා සුදු ටෙනිස් බෝල  27ක් ඇත. එහි ඇති  රතු බෝල ගණන සහ සුදු බෝල ගණන අතර වෙනස 5කි. පෙට්ටියේ ඇති රතු බෝල  සහ සුදු බෝල ගණන සොයන්න ,Type05,5,,u1+u2=n1,u2-n2=u1,,x+y=27, x-y=5
ධාන්‍ය ගබඩාවක ඇති මුලු ධාන්‍ය ගෝනි ගණන 21 කි. එහි  කඩල ගෝනි ගණන සහ කවුපි ගෝනි  ගණන  අතර වෙනස  5 කි. ගබඩාවෙහි ඇති කඩල ගෝනි  සහ කවුපි ගෝනි  ගණන සොයන්න,Type05,5,,u1+u2=n1,u2-n2=u1,,x+y=2, x-y=5
ටීනා කඩේට ගොස් බෑග් මලු දෙකකට බඩු රැගෙන ආ අතර දෙකෙහිම මුලු බර 12 kg වේ. කුඩා බෑගය සහ  විශාල බෑගයෙහි බර අතර වෙනස  4 kg කි. බෑග් මලු වල බර වෙන වෙනම සොයන්න,Type05,5,,u1+u2=n1,u2-n2=u1,,x+y=12, x-y=4
පාසල් බෑගයක සහ අත් බෑගයක මුලු මිල රුපියල් 3300 ක් වේ. පාසල් බෑගයක සහ අත් බෑගයක මිල අතර වෙනස 1500 ක් වේ.  පාසල් බෑගයක  හා අත් බෑගයක මිල කීයද,Type05,5,,u1+u2=n1,u2-n2=u1,,x+y=3300, x-y=1500
නිශාන් සතුව ඇති රුපියල් 5 සහ රුපියල් 10 මුද්දර ගණන 64කි. ඔහු සතුව රුපියල් 5 මුද්දර ගණන   සහ  රුපියල් 10 මුද්දර අතර වෙනස  26කි. රු 5 මුද්දර ගණන හා රු 10 මුද්දර  ගණන වෙන වෙනම සොයන්න ,Type05,5,,u1+u2=n1,u2-n2=u1,,x+y=64, x-y=26
රුවනි ට සිටින මුලු මිතුරු මිතුරියන් ගණන 15 කි. මිතුරන් ගණන සහ මිතුරියන් ගණන අතර වෙනස  5 ක් වේ. රුවනිට සිටින මිතුරන් හා මිතුරියන් ගණන වෙන වෙනම  සොයන්න,Type05,5,,u1+u2=n1,u2-n2=u1,,x+y=15, x-y=5
කසුනි ගෙ උපන් දින සාදයේදි පාට දෙකකින් බැලුන් තිබූ අතර මුලු  බැලුන් ගණන 25 කි. එහි කොල පාට බැලුන් ගණන සහ නිල් පාට බැලුන් ගණන අතර වෙනස 7 ක් විය. කොල පාට බැලුන් ගණන හා නිල් පාට බැලුන් ගණන වෙන වෙනම සොයන්න,Type05,5,,u1+u2=n1,u2-n2=u1,,x+y=25, x-y=7
ශීතකරණයක ඇති මුලු දොඩම් ගෙඩි සහ ඇපල් ගෙඩි ගණන 24 කි . එහි දොඩම් ගණනට සහ ඇපල් ගෙඩි ගණන අතර වෙනස 8 ක් වේ. දොඩම් ගෙඩි ගණන සහ ඇපල් ගෙඩි ගණන වෙන වෙනම සොයන්න,Type05,5,,u1+u2=n1,u2-n2=u1,,x+y=24, x-y=8
ගෙවත්තක වසා සිටි මුලු ගිරවුන් සහ මයිනන් ගණන 16 කි. එහි මයිනන් ගණන සහ ගිරවුන් ගණන අතර  වෙනස 4 කි. ගෙවත්තෙහි සිටි ගිරවුන් සහ මයිනන් ගණන වෙන වෙනම සොයන්න,Type05,5,,u1+u2=n1,u2-n2=u1,,x+y=16, x-y=4
ගොවියෙකු තක්කාලි සහ මිරිස් වගා කරන අතර ඔහු මෙවර පැල කරන ලද මුලු තක්කාලි බීජ සහ මිරිස් බීජ ගණන 300 කි. පැල කරන ලද මිරිස් බීජ ගණන සහ තක්කාලි බීජ ගණන අතර වෙනස  50 කි. එක් එක් බීජ වල ගණන වෙන වෙනම සොයන්න,Type05,5,,u1+u2=n1,u2-n2=u1,,x+y=300, x-y=50
මල් කඩයක දවස අවසානයේ මල් වර්ග දෙකකින් ඉතිරිවී තිබු මුලු මල් ගණන 56 කි. ඉන් එක් මල් වර්ගයක සහ අනෙක් මල් වර්ගයෙන් තිබූ මල් ගණන් වල වෙනස 18 කි. එක් එක් මල් වර්ගයෙන් ඉතුරු වී තිබු මල් ගණන වෙන  වෙනම සොයන්න,Type05,5,,u1+u2=n1,u2-n2=u1,,x+y=56, x-y=18
රමේෂ් බැංකු ගිණුමක් ආරම්භ කළ අතර එහි දෙවරක් මුදල් තැම්පත් කලේය. ඔහු  පළමු වර තැම්පත් කල මුදල සහ දෙවන වර තැම්පත් කල මුදල අතර වෙනස රුපියල් 4000 කි. බැංකු ගිණුමේ තිබු මුලු මුදල රුපියල් 12000 නම් එක් එක් වර තැම්පත් කරන ලද මුදල සොයන්න,Type05,5,,u1+u2=n1,u2-n2=u1,,x+y=12000, x-y=4000
ගෘහ භාණ්ඩ අලෙවි සැලක මේසයක සහ පුටුවක මුලු මිල රුපියල් 65000 කි. පුටුවක මිල සහ මේසයේ මිල අතර වෙනස  රුපියල් 15000 කි. මේසයක සහ පුටුවක මිල වෙන වෙනම සොයන්න,Type05,5,,u1+u2=n1,u2-n2=u1,,x+y=65000, x-y=15000
සුනඛ අලෙවි සැලක කුඩා සහ ලොකු සුනඛයෙකුගෙ මුලු මිල රුපියල් 18000 කි. ලොකු සුනඛයෙකුගෙ මිල සහ  කුඩා සුනඛයෙකුගෙ මිල අතර වෙනස  රුපියල් 5000 කි.  සුනඛයන්ගේ මිල වෙන වෙනම සොයන්න,Type05,5,,u1+u2=n1,u2-n2=u1,,x+y=18000, x-y=5000
සෙල්ලම් බඩු අලෙවි සැලක බෝනික්කන් සහ සෙල්ලම් කාර් විකිණීමට ඇත. බෝනික්කෙක්  සහ සෙල්ලම් කාරයක මුලු මිල රුපියල් 4800 කි. සෙල්ලම් කාරයක  මිල  සහ බෝනික්කෙක්ගේ  මිලට අතර වෙනස රුපියල් 2500 ක් වේ. සෙල්ලම් කාරයක  සහ බෝනික්කෙක්ගේ  මිල වෙන වෙනම සොයන්න,Type05,5,,u1+u2=n1,u2-n2=u1,,x+y=4800, x-y=2500
ගෙවත්තක ඇති මුලු අඹ ගස් සහ  පොල් ගස් ගණන 15 කි. එහි අඹ ගස් ගණන සහ පොල් ගස් ගණන අතර වෙනස  5 ක් වේ. ගෙවත්තෙහි ඇති අඹ ගස් සහ  පොල් ගස් ගණන වෙන වෙනම සොයන්න,Type05,5,,u1+u2=n1,u2-n2=u1,,x+y=15, x-y=5
නිමාලි  ගෙ උපන් දින සාදයට පැමිණ සිටි මුලු ගණන 25 කි. එහි පැමිණ සිටි පිරිමින් ගණන සහ   ගැහැණුන් ගණන අතර වෙනස  9 කි. පැමිණ සිටි ගැහැණුන් හා පිරිමින් ගණන වෙන වෙනම සොයන්න,Type05,5,,u1+u2=n1,u2-n2=u1,,x+y=25, x-y=9
ප්‍රසංගයක් සඳහා විකුණුනු මුලු ප්‍රවේශ පත්‍ර ගණන 5000 කි. එහිදි විකිණුනු ළමා ප්‍රවේශ පත්‍ර ගණන සහ වැඩිහිටි ප්‍රවේශ පත්‍ර ගණන අතර වෙනස 1500 කි. වැඩිහිටි ප්‍රවේශ පත්‍ර  ගණන හා ළමා ප්‍රවේශ පත්‍ර ගණන වෙන වෙනම සොයන්න,Type05,5,,u1+u2=n1,u2-n2=u1,,x+y=5000, x-y=1500
රස කැවිලි කඩයක  විකුණුනු මුලු ටොෆි සහ චොකලට් ගණන 120 කි. එහිදි විකිණී ඇති ටොෆි ගණන චොකලට් ගණන අතර වෙනස 30 කි.  ටොෆි ගණන හා චොකලට්  ගණන වෙන වෙනම සොයන්න,Type05,5,,u1+u2=n1,u2-n2=u1,,x+y=120, x-y=30
උත්සවයකට බීම සැපයීම සඳහා මුලු දොඩම් බීම සහ නෙල්ලි බීම ලීටර 20 ක් ගෙනෙන ලදි. දොඩම් බීම ප්‍රමාණය සහ  නෙල්ලි බීම ප්‍රමාණය අතර වෙනස ලීටර 2 කි. එක් එක් බීම වර්ගයෙන් තිබූ බීම ලීටර ගණන වෙන වෙනම සොයන්න,Type05,5,,u1+u2=n1,u2-n2=u1,,x+y=20, x-y=2
ගුවන් යානයක් ඉන්ධන ගැලුම් මුලු 35 ක් සහිතව ගමන් ආරම්භ කරයි.පළමු ගමනාන්තය වන විට වැය වු ඉන්ධන ප්‍රමණයට සහ ඉන් පසු දෙවන ගමනාන්තය තෙක් වැය වු ඉන්ධන ප්‍රමාණය අතර වෙනස ගැලුම් 9 කි.එක් එක් ගමන් සඳහා වැය වු ඉන්ධන ප්‍රමාණවල් සොයන්න,Type05,5,,u1+u2=n1,u2-n2=u1,,x+y=35, x-y=9
මේරි මල් කඩේකින්  රෝස මල් පොකුරක් සහ ඩේලියා මල්  පොකුරක් රුපියල් 2700 කට මිලදී ගත්තාය. රෝස මල් පොකුරක මිල සහ  ඩේලියා මල්  පොකුරක මිල  අතර වෙනස රුපියල් 1200 කි. රෝස හා ඩේලියා මල් පොකුරු වල මිල වෙන වෙනම සොයන්න,Type05,5,,u1+u2=n1,u2-n2=u1,,x+y=2700, x-y=1200
පාසලක බේස්බෝල් කණ්ඩායමක් තරගාවලියක් සඳහා මුලු තරග 18ක් සෙල්ලම් කල අතර. ඉන් ඔවුන් ජය ලැබූ තරග ගණන සහ  පරාජය වු තරග ගණන අතර වෙනස  6කි. ජයග්‍රහණය කල සහ පැරදුනු තරග ගණන වෙන වෙනම සොයන්න,Type05,5,,u1+u2=n1,u2-n2=u1,,x+y=18, x-y=6
බඩු ප්‍රවහන  ට්‍රක් රථයකට ප්‍රවාහනය සඳහා පටවන ලද මුලු සහල් සහ සීනි ගෝනි ගණන 42 කි. පටවන ලද සීනි ගොනි ගණන සහ සහල් ගෝනි ගණන අතර වෙනස 12 කි. සහල් ගෝනි සහ සීනි ගෝනි ගණන වෙන වෙනම සොයන්න,Type05,5,,u1+u2=n1,u2-n2=u1,,x+y=42, x-y=12
නිශාන් ඔහුගෙ සහෝදරියගේ  වයස් වල අන්තරය  අවුරුදු 4කි. මේ වන විට  නිශාන් ගේ සහ ඔහුගේ සහෝදරියගේ  ගේ වයස් වල එකතුව 40කි. ඔවුන්ගේ වයස් සොයන්න,Type05,5,,u1+u2=n1,u2-n2=u1,,x+y=40, x-y=4
රුවන් අර්ධ කාලීන රැකියා දෙකක් කරන අතර ඔහුගේ ගේ මාසික ආදායම රුපියල් 45000කි. එක් රැකියාවකින් ලැබෙන මුදල සහ   අනෙක් රැකියාවෙන් ලැබෙන  මුදල අතර වෙනස  රුපියල් 8000ක් වේ. එක් එක් රැකියාවෙන් ලැබෙන මුදල වෙන වෙනම සොයන්න,Type05,5,,u1+u2=n1,u2-n2=u1,,x+y=45000, x-y=8000
නුවන් ට අලුත් අවුරුද්දට තෑගි වශයෙන් රුපියල් 6000ක මුදලක් ලැබී තිබුණි. ඔහුට මවගෙන් ලබුණු මුදල සහ පියා ගෙන් ලැබුණ මුදල් අතර වෙනස රුපියල් 1000ක් වේ. මවගෙන් හා පියා ගෙන් නුවන් ට ලැබුණු මුදල් ප්‍රමණවල් සොයන්න,Type05,5,,u1+u2=n1,u2-n2=u1,,x+y=6000, x-y=1000
නයනි ට ඇයගේ කැටය කැඩීමෙන් රුපියල් 5000ක මුදලක් ලබා ගත්තාය. එහි  කාසි වලින් තිබු මුදල සහ  මුදල් නෝට්ටු වලින් තිබුණ මුදල අතර වෙනස රුපියල් 2000ක් වුණි. කාසි වලින් හා නෝට්ටු වලින් ලැබුණු මුදල් ප්‍රමණවල් සොයන්න,Type05,5,,u1+u2=n1,u2-n2=u1,,x+y=5000, x-y=2000
සාරා වෙළෙඳ සැලට යන විට රුපියල් 6400ක් රැගෙන ගිය අතර ඇය භාණ්ඩ මිලදි ගැනීමට හා බිල් පත් ගෙවීමට මුලු මුදලම වැය කලාය. ඇය භාණ්ඩ වලට වැය කල මුදල සහ බිල් පත් වලට වැය කල මුදල අතර වෙනස  රුපියල් 2400ක්වේ. භාණ්ඩ මිලදි ගැනීමට හා බිල් පත් වලට වැය කල මුදල සොයන්න ,Type05,5,,u1+u2=n1,u2-n2=u1,,x+y=6400, x-y=2400
ජේන් සහ මේරි සතුව ඇති මුලු  බෝනික්කන් ගණන 32කි. ජේන් සතුව ඇති බෝනික්කන් ගණන සහ  මේරි සතුව බෝනික්කන් ගණන අතර වෙනස  6කි. ජේන් සහ මේරි සතුව ඇති බෝනික්කන් ගණන වෙන වෙනම සොයන්න,Type06,5,,u1+u2=n1,u2-n2=u1,,x+y=32, x-y=6
"ඉටි පන්දම් විකිණීමට ඇති කඩයක, ඉටි පන්දම් පෙට්ටියක ලොකු ඉටි පන්දම් සහ පොඩි ඉටි පන්දම් 16ක් ඇත. එහි ඇති පොඩි ඉටි පන්දම් ගණන සහ  ලොකු ඉටි පන්දම් ගණන  අතර වෙනස 4 කි. ලොකු හා පොඩි ඉටි පන්දම් ගණන වෙන වෙනම සොයන්න",Type06,5,,u1+u2=n1,u2-n2=u1,,x+y=68, x-y=12
සින්තියා සිල්ලර කඩයක වැඩ කරයි. ඇය විකුණන සෑම කිරි පිටි පැකට් දෙකකට සීනි පැකට්  4 ක් විකුණන බව ඇය දනී. මේ සතියේ ඇය කිරි පිටි පැකට් 12 ක් ඇණවුම් කළාය.  සීනි පැකට් කීයක් ඇය ඇණවුම් කළ යුතුද ,Type06,6,,n1*u1=n2*u2 ,u1+u2=n3,,4*x=2*y,x+y=12
පන්තියක හැණු ළමයින් හා පිරිමි ළමුන්ගේ අනුපාතය 9 සිට 4 දක්වා වේ. පන්තියෙ මුළු සිසුන් 91 ක් සිටිනවා නම්. ඔවුන්ගෙන් කී දෙනෙක් පිරිමි ළමයින්ද? ගැහැණු ළමයින් කීදෙනෙක්ද?,Type06,6,,n1*u1=n2*u2 ,u1+u2=n3,,4*x=9*y,x+y=91
රෙදි සෝදන යන්ත්රයක් සහ වියළනය සඳහා ඩොලර් 600 ක් වැය වේ. රෙදි සෝදන යන්ත්රයක් සහ  වියළන යන්ත්රයක් අතර මිල අනුපාතය 2 සිට 4 දක්වා වේ. වියළන යන්ත්රයේ පිරිවැය කුමක්ද?,Type06,6,,n1*u1=n2*u2 ,u1+u2=n3,,2*x=4*y,x+y=600
උද්‍යාන මේසයක් සහ බංකුවක් ඩොලර් 750 ක්  වේ. උද්‍යාන මේසයේ සහ  බංකුවේ මිල අතර අනුපාතය 2 සිට 3 දක්වා වේ. බංකුවේ පිරිවැය කුමක්ද?,Type06,6,,n1*u1=n2*u2 ,u1+u2=n3,,2*x=3*y,x+y=750
සපත්තු සාප්පුවක සෑම දුඹුරු සපත්තු 5කට  කළු සපත්තු  6ක්  ඇත. මුළු සපත්තු සංඛ්‍යාව 66කි. දුඹුරු සපත්තු හා කළු සපත්තු වෙන වෙනම කීයක් තිබේද?,Type06,6,,n1*u1=n2*u2 ,u1+u2=n3,,5*x=6*y,x+y=66
ගොවිපළක සෑම  අශ්වයන් 3 දෙනෙකුට එළදෙනුන් 4ක් සිටියි. ඔහුට සතුන් 168 ක් සිටී නම් ඔහුට සිටින ගවයින් හා අශ්වයින් කීයක් සිටීද?,Type06,6,,n1*u1=n2*u2 ,u1+u2=n3,,3*x=4*y,x+y=168
පියුමි සතුව තැපැල්පත් 30 ක් ඇත. ඇය සතුව ඇති සෑම  කුඩා තැපැල්පත් 2කට  විශාල තැපැල්පත් 3ක්  තිබේ. ඇය සතුව කුඩා තැපැල්පත්  ගණන හා විශාල තැපැල්පත් ගණන සොයන්න,Type06,6,,n1*u1=n2*u2 ,u1+u2=n3,,2*x=3*y,x+y=30
ශ්‍රීමා මහත්මියගේ පන්තියේ ළමයින් 24 දෙනෙක් සිටිති. එහි සිටින  සෑම පිරිමි ළමයින් 3 දෙනෙකුට ගැහැණු ළමයින් 5ක්  ඇත. පිරිමි ළමයින් හා ගැහැණු ළමයින් කී දෙනෙක් සිටීද?,Type06,6,,n1*u1=n2*u2 ,u1+u2=n3,,3*x=5*y,x+y=24
පුස්තකාලයක  පොත්  2400ක් ඇත. එහි ඇති සැම  අධ්‍යාපන පොත් 5කට නව කතා පොත්  3 බැගින් ඇත. පුස්තකාලයෙහි ඇති  අධ්‍යාපන පොත් ගණන හා නව කතා  පොත් ගණන වෙන වෙනම සොයන්න,Type06,6,,n1*u1=n2*u2 ,u1+u2=n3,,5*x=3*y,x+y=2400
"නිමාලි සතුව ඇති සෑම නිල් පෑන් 2කට රතු පෑන් 3ක්  ඇත. ඇය සතුව ඇති මුලු පෑන් 20 ක් නම්, නිල්  පෑන්  සහ රතු පෑන් ගණන වෙන වෙනම සොයන්න ",Type06,6,,n1*u1=n2*u2 ,u1+u2=n3,,2*x=3*y,x+y=20
"
මල් පාත්තියක ඇති සෑම රෝස මල් 3කට  ඕකිඩ් මල් 4 බැගින්  ඇත. පාත්තියේ ඇති මුලු මල් ගණන 42 ක් නම්, රෝස මල්  සහ ඕකිඩ් මල්  ගණන වෙන වෙනම සොයන්න ",Type06,6,,n1*u1=n2*u2 ,u1+u2=n3,,3*x=4*y,x+y=42
 ශෙහානි සතුව ඇඳුම්  18ක් ඇත. ඇය සතුව ඇති සෑම  ගවුම් 1කට  බ්ලවුස් 2 බැගින් ඇත. ශෙහානිට  ඇති  ගවුම් ගණන හා බ්ලවුස්  ගණන වෙන වෙනම සොයන්න,Type06,6,,n1*u1=n2*u2 ,u1+u2=n3,,1*x=2*y,x+y=18
 පෙට්ටියක රතු හා සුදු ටෙනිස් බෝල  27ක් ඇත. එහි සෑම  රතු බෝල 2කටසුදු බෝල 7ක්  ඇත. පෙට්ටියේ ඇති රතු බෝල  සහ සුදු බෝල ගණන සොයන්න ,Type06,6,,n1*u1=n2*u2 ,u1+u2=n3,,2*x=7*y,x+y=27
ධාන්‍ය ගබඩාවක ධාන්‍ය ගෝනි  21ක් ඇත. එහි සෑම කඩල ගෝනි  2කට කවුපි ගෝනි 5ක්  ඇත. ගබඩාවෙහි ඇති කඩල ගෝනි  සහ කවුපි ගෝනි  ගණන සොයන්න ,Type06,6,,n1*u1=n2*u2 ,u1+u2=n3,,2*x=5*y,x+y=21
"බෑග් සාප්පුවක ඇති සෑම  පාසල් බෑග් 5කට  , අත් බෑග් 6ක් ඇත . සාප්පුවේ ඇති  පාසල් බෑග් සහ අත් බෑග් ගණන 330 ක් වේ නම් පාසල් බෑගයක  හා අත් බෑගයක මිල කීයද ",Type06,6,,n1*u1=n2*u2 ,u1+u2=n3,,5*x=6*y,x+y=330
නිශාන් සතුව ඇති රුපියල් 5 සහ රුපියල් 10 මුද්දර ගණන 64ක් ඇත. ඔහු සතුව ඇති සෑම  රුපියල් 5 මුද්දර 5කට  රුපියල් 10 මුද්දර 3ක්  ඇත. රු 5 මුද්දර ගණන හා රු 10 මුද්දර  ගණන වෙන වෙනම සොයන්න ,Type06,6,,n1*u1=n2*u2 ,u1+u2=n3,,5*x=3*y,x+y=64
කසුනි ගෙ උපන් දින සාදයේදි පාට දෙකකින් බැලුන් තිබූ අතර මුලු  බැලුන් ගණන 25කි. එහි සෑම කොල පාට බැලුන් 2කට  නිල් පාට බැලුන් 3ක්  තිබුණි. කොල පාට බැලුන් ගණන හා නිල් පාට බැලුන් ගණන වෙන වෙනම සොයන්න,Type06,6,,n1*u1=n2*u2 ,u1+u2=n3,,3*x=5*y,x+y=25
"
ශීතකරණයක දොඩම් ගෙඩි සහ ඇපල් ගෙඩි 24ක් ඇත. එහි ඇති සෑම දොඩම් ගෙඩි  3කට ඇපල් ගෙඩි 5ක් ඇත. දොඩම් ගෙඩි ගණන සහ ඇපල් ගෙඩි ගණන වෙන වෙනම සොයන්න",Type06,6,,n1*u1=n2*u2 ,u1+u2=n3,,4*x=9*y,x+y=24
ගෙවත්තක වසා සිටි මුලු ගිරවුන් සහ මයිනන් ගණන 16කි. එහි සිටි සෑම  මයිනන් 3 දෙනෙකුට ගිරවුන් 5ක්  සිටියහ. ගෙවත්තෙහි සිටි ගිරවුන් සහ මයිනන් ගණන වෙන වෙනම සොයන්න,Type06,6,,n1*u1=n2*u2 ,u1+u2=n3,,3*x=5*y,x+y=16
"ගොවියෙකු තක්කාලි සහ මිරිස් වගා කරන අතර ඔහු මෙවර තක්කාලි සහ මිරිස් බීජ 300ක් පැල කරයි. පැල කරන ලද මිරිස් බීජ  2කට, තක්කාලි බීජ 3ක් පැල කලේය . එක් එක් බීජ වල ගණන වෙන වෙනම සොයන්න",Type06,6,,n1*u1=n2*u2 ,u1+u2=n3,,2*x=3*y,x+y=300
මල් කඩයක දවස අවසානයේ ඕකිඩ් සහ රෝස මල් 56ක් ඉතිරිවී තිබුණි. ඉන් ඉතිරි වී තිබු සෑම  රෝස මල් 3 කට ඕකිඩ් මල් 4ක් ඉතිරි වී තිබුනි. එක් එක් මල් වර්ගයෙන් ඉතුරු වී තිබු මල් ගණන වෙන  වෙනම සොයන්න,Type06,6,,n1*u1=n2*u2 ,u1+u2=n3,,3*x=4*y,x+y=56
ගෘහ භාණ්ඩ අලෙවි සැලක මේසයක සහ පුටුවක මිල 65000කි. මේසයේ සහ පුටුවෙහි මිල ගණන් අතර අනුපාතය 6 සිට 7 දක්වා වේ. මේසයක සහ පුටුවක මිල වෙන වෙනම සොයන්න,Type06,6,,n1*u1=n2*u2 ,u1+u2=n3,,6*x=7*y,x+y=65000
සුනඛ අලෙවි සැලක කුඩා සහ ලොකු සුනඛයෙකුගෙ මිල රුපියල් 18000කි. කුඩා සුනඛයෙකුගෙ මිල සහ ලොකු සුනඛයෙකුගෙ මිල අතර අනුපාතය 4 සිට 5දක්වා වේ. සුනඛයන්ගේ මිල වෙන වෙනම සොයන්න,Type06,6,,n1*u1=n2*u2 ,u1+u2=n3,,4*x=5*y,x+y=18000
සෙල්ලම් බඩු අලෙවි සැලක බෝනික්කන්  සහ සෙල්ලම් කාර් විකිණීමට ඇත. බෝනික්කෙක්  සහ සෙල්ලම් කාරයක  මිල රුපියල් 4800කි. සෙල්ලම් කාරයක  මිල සහ  බෝනික්කෙක්ගේ  මිල අතර අනුපාතය 5 සිට 7 දක්ව වේ. සෙල්ලම් කාරයක  සහ බෝනික්කෙක්ගේ  මිල වෙන වෙනම සොයන්න,Type06,6,,n1*u1=n2*u2 ,u1+u2=n3,,5*x=7*y,x+y=4800
ගෙවත්තක ඇති මුලු අඹ ගස් සහ  පොල් ගස් ගණන 15කි. එහි ඇති සෑම අඹ ගස් 2කට  පොල් ගස් 3ක් ඇත. ගෙවත්තෙහි ඇති අඹ ගස් සහ  පොල් ගස් ගණන වෙන වෙනම සොයන්න ,Type06,6,,n1*u1=n2*u2 ,u1+u2=n3,,2*x=3*y,x+y=15
චිත්‍ර ශිල්පියෙකු සිතුවම් දෙකක් විකිණීමෙන් රුපියල් 3000ක් ලබා ගත්තේය. එක් සිතුවමක මිල සහ  අනෙක් සිතුවමේ මිල අතර අනුපාතය 3 සිට 7 දක්වා වේ  . සිතුවම් වල මිල ගණන් සොයන්න,Type06,6,,n1*u1=n2*u2 ,u1+u2=n3,,3*x=7*y,x+y=3000
ප්‍රසංගයක් සඳහා විකුණුනු මුලු ප්‍රවේශ පත්‍ර ගණන 5000කි. එහිදි සෑම  ළමා ප්‍රවේශ පත්‍ර 2කට වැඩිහිටි ප්‍රවේශ පත්‍ර 3ක් විකිණිනි. වැඩිහිටි ප්‍රවේශ පත්‍ර  ගණන හා ළමා ප්‍රවේශ පත්‍ර ගණන වෙන වෙනම සොයන්න,Type06,6,,n1*u1=n2*u2 ,u1+u2=n3,,2*x=3*y,x+y=5000
"
රස කැවිලි කඩයක  විකුණුනු මුලු ටොෆි සහ චොකලට් ගණන 120කි. එහිදි විකිණී ඇති සෑම ටොෆි 5 කට චොකලට් 7ක්  විකිණිනි. ටොෆි ගණන හා චොකලට්  ගණන වෙන වෙනම සොයන්න",Type06,6,,n1*u1=n2*u2 ,u1+u2=n3,,5*x=7*y,x+y=120
උත්සවයකට බීම සැපයීම සඳහා දොඩම් බීම සහ නෙල්ලි බීම ලීටර 20ක් ගෙනෙන ලදි. එහි සෑම  දොඩම් බීම ලීටර  1 කට නෙල්ලි බීම ලීටර 3 බැගින් තිබුණි. එක් එක් බීම වර්ගයෙන් තිබූ බීම ලීටර ගණන වෙන වෙනම සොයන්න,Type06,6,,n1*u1=n2*u2 ,u1+u2=n3,,1*x=3*y,x+y=20
"මේරි මල් කඩේකින්  රෝස මල් පොකුරක් සහ ඩේලියා මල්  පොකුරක් රුපියල් 2700කට මිලදී ගත්තාය. රෝස මල් පොකුරක මිල , සහ  ඩේලියා මල්  පොකුරක මිල අතර අනුපාතය 4 සිට 5 දක්වා  වේ. රෝස  හා ඩේලියා මල් පොකුරු වල මිල වෙන වෙනම සොයන්න",Type06,6,,n1*u1=n2*u2 ,u1+u2=n3,,4*x=5*y,x+y=2700
පාසලක බේස්බෝල් කණ්ඩායමක් තරගාවලියක් සඳහා මුලු තරග 18ක් සෙල්ලම් කල අතර. ඉන් ඔවුන් ජය ලැබූ තරග ගණන  සහ  පරාජය වු තරග අතර අනුපාතය 2 සිට 7 දක්වා වේ. කණ්ඩායම ජයග්‍රහණය කල සහ පැරදුනු තරග ගණන වෙන වෙනම සොයන්න,Type06,6,,n1*u1=n2*u2 ,u1+u2=n3,,2*x=7*y,x+y=18
බඩු ප්‍රවහන  ට්‍රක් රථයකට බරැති සහල් සහ සීනි ගෝනි 42ක් ප්‍රවාහනය සඳහා පටවන ලදි. පටවන ලද සෑම  සීනි ගොනි  3කට  සහල් ගෝනි 4 බැගින් පටවන ලදි. සහල් ගෝනි සහ සීනි ගෝනි ගණන වෙන වෙනම සොයන්න ,Type06,6,,n1*u1=n2*u2 ,u1+u2=n3,,3*x=4*y,x+y=18
රුවන් අර්ධ කාලීන රැකියා දෙකක් කරන අතර ඔහුගේ ගේ මාසික ආදායම රුපියල් 45000කි. එක් රැකියාවකින් ලැබෙන මුදල සහ අනෙක් රැකියාවෙන් ලැබෙන මුදල අතර අනුපාතය 4 සිට 5 දක්වා වේ. එක් එක් රැකියාවෙන් ලැබෙන මුදල වෙන වෙනම සොයන්න,Type06,6,,n1*u1=n2*u2 ,u1+u2=n3,,4*x=5*y,x+y=45000
නුවන් ට අලුත් අවුරුද්දට තෑගි වශයෙන් රුපියල් 6000ක මුදලක් ලැබී තිබුණි. ඔහුට මවගෙන් ලබුණු මුදල සහ පියා ගෙන් ලැබුණ මුදල අතර අනුපාතය 5 සිට 7 දක්වා  වේ. මවගෙන් හා පියා ගෙන් නුවන් ට ලැබුණු මුදල් ප්‍රමණවල් සොයන්න,Type06,6,,n1*u1=n2*u2 ,u1+u2=n3,,5*x=7*y,x+y=6000
නයනි ට ඇයගේ කැටය කැඩීමෙන් රුපියල් 5000ක මුදලක් ලබා ගත්තාය. එහි  කාසි වලින් තිබු මුදල සහ  නෝට්ටු වලින් තිබුණ මුදල අතර අනුපාතය 2 සිට 3 දක්වා වේ. කාසි වලින් හා නෝට්ටු වලින් ලැබුණු මුදල් ප්‍රමණවල් සොයන්න,Type06,6,,n1*u1=n2*u2 ,u1+u2=n3,,2*x=3*y,x+y=5000
සාරා වෙළෙඳ සැලට යන විට රුපියල් 6400ක් රැගෙන ගිය අතර ඇය භාණ්ඩ මිලදි ගැනීමට හා බිල් පත් ගෙවීමට මුලු මුදලම වැය කලාය. ඇය භාණ්ඩ වලට වැය කල මුදල සහ බිල් පත් සඳහා වැය කල මුදල අතර අනුපාතය 3 සිට 5  දක්වා වේ. භාණ්ඩ මිලදි ගැනීමට හා බිල් පත් වලට වැය කල මුදල සොයන්න ,Type06,6,,n1*u1=n2*u2 ,u1+u2=n3,,3*x=5*y,x+y=6400
ජේන් සහ මේරි සතුව ඇති මුලු  බෝනික්කන් ගණන 32කි. ජේන් සතුව ඇති බෝනික්කන් ගණන සහ මේරි සතුව ඇති බෝනික්කන් ගණන අතර අනුපාතය 3 සිට 5 දක්වා වේ . ජේන් සහ මේරි සතුව ඇති බෝනික්කන් ගණන වෙන වෙනම සොයන්න,Type06,6,,n1*u1=n2*u2 ,u1+u2=n3,,3*x=5*y,x+y=32
"ඉටි පන්දම් විකිණීමට ඇති කඩයක, ඉටි පන්දම් පෙට්ටියක ලොකු ඉටි පන්දම් සහ පොඩි ඉටි පන්දම් 16ක් ඇත. එහි ඇති සෑම  පොඩි ඉටි පන්දම් 1 කට  ලොකු ඉටි පන්දම් 3 බැගින්  ඇත. ලොකු ඉටි පන්දම් සහ පොඩි ඉටි පන්දම් ගණන වෙන වෙනම සොයන්න",Type06,6,,n1*u1=n2*u2 ,u1+u2=n3,,1*x=3*y,x+y=16
රුවන් සහ නුවන් සතුව ඇති මුලු සෙල්ලම් කාර්  ගණන 24කි. රුවන් සතුව ඇති සෙල්ලම් කාර්  ගණන සහ  නුවන් සතුව ඇති සෙල්ලම් කාර්  ගණන අතර අනුපාතය 1 සිට 2 දක්වා වේ. රුවන් සහ නුවන් සතුව ඇති සෙල්ලම් කාර්   ගණන වෙන වෙනම සොයන්න,Type06,6,,n1*u1=n2*u2 ,u1+u2=n3,,1*x=2*y,x+y=16
"විමල්  කඩේට ගොස් රුපියල් 1500කට සහල් සහ පරිප්පු  රැගෙන ආවේය. පරිප්පු  සඳහා වැය වූ මුදල සහ , සහල්  සඳහා වැය වු මුදල අතර අනුපාතය 2 සිට 3 දක්වා වේ. සහල් සහ පරිප්පු සඳහා වැය වූ  වල මුදල වෙන වෙනම සොයන්න",Type06,6,,n1*u1=n2*u2 ,u1+u2=n3,,2*x=3*y,x+y=1500
සාරා ඇගේ උපන්දින සාදය සඳහා කෑම සහ බීම ඇණවුම් කල අතර ඒ සඳහා වැය වූ මුලු වියදම රුපියල් 9000කි. ඇයට බීම සඳහා වැය වූ මුදල සහ  කෑම සඳහා වැය වු මුදල අතර අනුපාතය 4 සිට 5 දක්වා වේ . කෑම සහ බීම සඳහා වැය වූ මුදල වෙන වෙනම සොයන්න,Type06,6,,n1*u1=n2*u2 ,u1+u2=n3,,4*x=5*y,x+y=9000
කසුනි සතුව පාසලට ආධාර සඳහා විකිණීමට ලැබුණු ටිකට් පොතෙහි ඇති මුලු ටිකට් පත් ගණන 50කි. මේ වන විට ඇය විකුණා ඇති සෑම  ටිකට් පත් ගණන 1 කට  තව විකිණීම සඳහා ඉතිරිව ඇති ටිකට් පත් 4ක් ඇත . විකුණා ඇති සහ ඉතිරි වී ඇති ටිකට් පත් ගණන කීයද,,6,,n1*u1=n2*u2 ,u1+u2=n3,,1*x=4*y,x+y=50
තරිඳුට නිවසේ සිට පාසලට කිලෝමීටර්  15 ඇති  අතර ඔහු ඉන් යම් දුරක් බසයෙන් ඉතිරිය  පයින් ද යයි. ඔහු ඇවිද යන සෑම කිලෝමීටර් 2කට  බසයෙන් කිලෝමීටර් 3ක් යයි. ඔහු ඇවිද යන දුර සහ බසයෙන් යන දුර ප්‍රමාණවල් වෙන වෙනම සොයන්න,,6,,n1*u1=n2*u2 ,u1+u2=n3,,2*x=3*y,x+y=15
